:020000040800F2
:1000000060B20020D5010008DF130008DB130008F0
:10001000DD1300086D0400087515000800000000DD
:10002000000000000000000000000000E1130008D4
:100030009904000800000000EB010008ED01000831
:10004000EF010008EF010008EF010008EF010008D0
:10005000EF010008EF010008EF010008EF010008C0
:10006000EF010008EF010008EF010008EF010008B0
:10007000EF010008EF010008EF010008EF010008A0
:10008000EF010008EF010008EF010008EF01000890
:10009000EF010008EF010008EF010008EF01000880
:1000A000EF010008EF010008EF010008EF01000870
:1000B000EF010008EF010008EF010008EF01000860
:1000C000EF010008EF010008EF010008EF01000850
:1000D000EF01000855150008EF010008EF010008C6
:1000E000EF010008EF010008EF010008EF01000830
:1000F000EF010008EF010008EF010008EF01000820
:10010000EF010008EF010008EF010008EF0100080F
:10011000EF010008EF010008EF010008EF010008FF
:10012000EF010008EF010008EF010008EF010008EF
:1001300000F002F800F03FF80AA090E8000C8244BA
:100140008344AAF10107DA4501D100F034F8AFF297
:10015000090EBAE80F0013F0010F18BFFB1A43F0A5
:1001600001031847F88B0000188C0000103A24BFD8
:1001700078C878C1FAD8520724BF30C830C144BF0C
:1001800004680C607047000000230024002500264E
:10019000103A28BF78C1FBD8520728BF30C148BFEA
:1001A0000B607047782900F07780002070471FB5FA
:1001B0001FBD10B510BD00F027F91146FFF7F7FF7E
:1001C00005F048FA00F045F903B4FFF7F2FF03BC6D
:1001D00001F0E1F90948804709480047FEE7FEE7DA
:1001E000FEE7FEE7FEE7FEE7FEE7FEE7FEE7FEE7E7
:1001F00004480549054A064B70470000E313000810
:100200003101000860AC002060B2002060AE002028
:1002100060AE0020704700000FB4044910B503AA77
:10022000029800F0C3F810BC5DF814FB0C0000202D
:100230002DE9F0410E460446002020622046E16888
:10024000884730B3252805D0D4E901219047206A9A
:10025000401CF2E7E168204600278847050018D0D7
:10026000A5F14100192802D820354FF40067324625
:10027000294620462760FFF795FF40B1012804D0AA
:10028000F61D26F007060836D8E7361DD6E72846BD
:10029000DAE7206ABDE8F08170B504460D462146D4
:1002A0001068AFF300802188090502D50F4A7A440F
:1002B00002E00E4A7A440E32002104F1240305E0E4
:1002C00000F00F060009965D5E54491C0028F7D126
:1002D00020780023000704D5702D02D009B1022335
:1002E00011322046BDE8704000F006B8828A000056
:1002F00070477047704770472DE9F0470D469946A3
:100300009246044600F124080168880604D5E06995
:1003100021F01001216000E00120A84201DD471B0F
:1003200000E00027A1697A1902EB0900081AA06110
:100330002078C00602D42046AFF30080002608E0F3
:10034000D4E901211AF806009047206A401C761C67
:1003500020624E45F4DB2078C0060AD52046AFF374
:10036000008006E0D4E9012130209047206A401C3B
:100370002062381EA7F10107F4DC07E0D4E901216F
:1003800018F805009047206A401C2062281EA5F13D
:100390000105F3DC2046AFF300802078000602D58B
:1003A0000220BDE8F0870120FBE70000074B70B595
:1003B0000D467B4400F011F80446284600F020F872
:1003C00010B14FF0FF3070BD204670BD832000009B
:1003D00001694A1C02610878704700B58FB0CDE909
:1003E00001310021059105497944CDE903101146F9
:1003F0006846FFF71DFF0FB000BD0000E5FFFFFFDF
:10040000007B00F080007047754600F02BF8AE4688
:1004100005006946534620F00700854618B020B510
:10042000FFF7E6FEBDE820404FF000064FF0000762
:100430004FF000084FF0000B21F00701AC46ACE88C
:10044000C009ACE8C009ACE8C009ACE8C0098D46F9
:10045000704710B50446AFF300802046BDE8104059
:10046000FFF7B2BE0048704700AC0020FEE730B591
:1004700090F840500124AC40C56B6C600468636028
:100480004368102B036803D099600068C26030BDD8
:100490009A600068C16030BD7047000030B5B3F5A8
:1004A000804F05D06FF0704140F82210002030BD21
:1004B0008C690B688D6823434C688989240144EA60
:1004C0000524234343EA014150F82230014C2340E4
:1004D0001943E9E70000F0CF10B50A6850F8223060
:1004E00023F0010340F822308B68082B23D0002230
:1004F0004C681C43CB6813430A691C4314434A6984
:100500008B691443CA6914430A6A14434A6A144340
:100510008A6A1443CA6A14430A6B14434A6B23431E
:1005200009681A43054C50F82130A343134340F89F
:100530002130002010BD4022DAE700007FFF0F00CD
:1005400030B5D1E9003443EA04138C688D89240264
:1005500044EA054423430C8A094D00EB820005EB75
:10056000045423430C7D6D0105EB04648969234326
:100570000B43416801F040410B434360002030BD14
:100580000000F0FF10B590F821100022022905D0DC
:100590000421816380F82020012010BD01680B68D0
:1005A00023F00E030B6001680B6823F001030B605E
:1005B00090F84030012404FA03F1C36B596080F8CD
:1005C000214080F82020104610BD00002DE9F05F8A
:1005D00090F821100024022903D004218163012412
:1005E00085E001680A6822F00E020A6001680A6864
:1005F00022F001020A603F4E3E4FB215DFF8F4C010
:10060000DFF8F090DFF8ECA0DFF8E8B0DFF8E4E026
:100610000168783F13011502ACF1640CA9F150098F
:10062000AAF13C0AABF1280BAEF1140E4FF480187E
:10063000B14227D9B9420ED0614512D049451DD0EB
:10064000514518D0594518D0714501D1424615E0A1
:10065000294EB14201D1012210E0274E1436B14299
:1006600001D110220AE0244E2836B14206D0224A97
:100670003C32914201D11A4600E02A461E49091F28
:100680000A602BE0B94213D0614517D0494522D00A
:1006900051451DD059451DD0714501D142461AE042
:1006A000B14202D14FF0807215E0134EB14201D138
:1006B000012210E0104E1436B14201D110220AE09E
:1006C0000D4E2836B14206D00B4A3C32914201D140
:1006D0001A4600E02A46074980394A60012180F81D
:1006E0002110002180F82010416B01B1884720467D
:1006F000BDE8F09F800002400804024030B560B1C0
:100700001A4B01681422994209D2194B0B44B3FBCE
:10071000F2F292000264174A0AE0012030BD134B46
:100720005B420B44B3FBF2F2920002640F4A083AB8
:10073000C263022280F821200A6843F6F0739A43CC
:10074000F0E901342343D0E902452C4323430469F3
:100750002343446923438469234313430B600021EB
:100760004163012242770177084630BD0804024008
:10077000F8FFFDBF0000024070B5044690F820006D
:10078000002501280CD0012084F8200094F8216075
:100790000020012E06D084F820000225284670BDD6
:1007A000022070BD022684F82160A06320680668DC
:1007B00026F0010606602046FFF759FE2068016812
:1007C00041F001010160E9E72DE9F84FDFF8C09140
:1007D000002409F1040A0AF1040B23464FF00F0824
:1007E0000BF1040ECCE00127A7403A40BA4272D187
:1007F000DFF8A0C14D68A5EB0C0665452BD00DDCDC
:10080000032D34D005DC35B3012D19D0022D2FD1A5
:100810001BE0112D16D0122D2AD119E0B6F5881F34
:1008200019D006DCB6F5803F15D0B6F5801F1FD174
:1008300011E0B6F5001F0ED0B6F5041F18D10AE07E
:10084000CB6815E0CB681B1D12E0CB6808330FE0C6
:10085000CB680C330CE08B682BB1012B4FF00803F5
:1008600003D0476104E0042302E0076100E00023B5
:10087000FF2A01D8064601E000F104064FEA84058C
:1008800001D9A5F12005376808FA05FC27EA0C070D
:1008900003FA05F547EA050737604D68ED006ED5A8
:1008A0003D4DAE6946F00106AE61AD6924F0030628
:1008B00005F001050095394D7719BE68A5072D0F84
:1008C00008FA05FC26EA0C06DFF8D4C0604503D11F
:1008D0004FF0000C25E052E0DFF8C8C0604502D1BF
:1008E0004FF0010C1DE0DFF8C0C0604502D14FF0B1
:1008F000020C16E0DFF8B4C0604502D14FF0030CE3
:100900000FE0DFF8ACC0604502D14FF0040C08E006
:10091000DFF8A0C0604502D14FF0050C01E04FF0B8
:10092000060C0CFA05FC4CEA060CC7F808C04D682A
:10093000D9F80060ED034D4601D5164300E096431B
:100940002E604D68DAF80060AD03554601D51643B8
:1009500000E096432E604D68DBF80060ED025D46D6
:1009600001D5164300E096432E604D68DEF8006026
:10097000AD02754601D5164300E096432E60641C17
:100980000A6832FA04F57FF42EAFBDE8F88F000054
:10099000000401400000111000100240000001405E
:1009A00000080140000C014000100140001401400B
:1009B00000180140001C01408068084000D0012060
:1009C0007047C26821EA02030A4043EA024101611A
:1009D00070470AB1016170470904FBE7014880686C
:1009E0007047000010000020074810B5016841F072
:1009F00010010160052000F057F80F2000F006F804
:100A000000F024F8002010BD0020024070B50D4D0C
:100A100004464FF47A712878B1FBF0F00A4909686E
:100A2000B1FBF0F000F046FB48B9102C07D20022D1
:100A30002146501E00F018F800206C6070BD0120A7
:100A400070BD00001000002000000020704700284A
:100A500009DB00F01F02012191404009800000F1F4
:100A6000E020C0F800117047F0B40E4B1B68C3F3D0
:100A70000223C3F10704042C00D904241D1D072DF3
:100A800001D2002300E0DB1E012606FA04F56D1EEC
:100A90000D409D409E40761E164045EA0601F0BC82
:100AA00000F069BD0CED00E0064A00F00701106897
:100AB0004FF6FF03184040EA012003490843106045
:100AC000704700000CED00E00000FA052DE9F0474A
:100AD0000D46040067D0DFF81881D8F8000000F058
:100AE0000700A8420CD2D8F8001021F007012943D2
:100AF000C8F80010D8F8000000F00700A84252D152
:100B000020683C4E810712D5400703D5706840F439
:100B1000E06070602078000703D5706840F4605092
:100B200070607068A16820F0F00008437060207861
:100B3000C00727D06068012810D03168022810D083
:100B4000890700292FDA716821F0030101437160E0
:100B5000FFF744FF074641F288390CE0316889030A
:100B6000EFE78901EDE7FFF739FFC11B494502D9DE
:100B70000320BDE8F0877068616800F00C00B0EBFE
:100B8000810FF0D1D8F80010404601F00701A942CA
:100B90000BD9016821F0070129430160006800F0CA
:100BA0000700A84201D00120E3E72078400705D5DF
:100BB0007068E16820F4E060084370602078000706
:100BC00006D57068216920F4605040EAC100706069
:100BD00000F038F87168084AC1F30311515CC8404D
:100BE0000649086006480068FFF710FF0020C0E7CC
:100BF0000020024000100240E45B000800000020DA
:100C0000140000200448054900684968044AC1F3FB
:100C10000221515CC84070470000002000100240D3
:100C2000F45B00080448054900684968044AC1F3B8
:100C3000C221515CC84070470000002000100240F3
:100C4000F45B000812A085B00FC88DE80F0014A057
:100C5000144B006804905968134801F00C02042AF0
:100C600010D0082A0ED1C1F38342C9031DF8020037
:100C70000AD5596804AAC1F34041515C0A4A50435D
:100C8000B0FBF1F005B0704708494843FAE70000AF
:100C900002030405060708090A0B0C0D0E0F1010BD
:100CA000010200000010024000127A0000093D001D
:100CB0002DE9F84F04006FD02078BE4DC00747D013
:100CC0006868C0F38100012807D06868C0F381001C
:100CD000022809D16868C00306D52868800337D583
:100CE00060680028E7D033E06068B0F5803F0BD043
:100CF00010B1B0F5A02F11D0286820F48030286002
:100D0000286820F4802002E0286840F480302860C1
:100D1000606888B1FFF762FE064609E0286840F483
:100D200080202860F0E7FFF759FE801B642873D805
:100D300028688003F7D50BE0FFF750FE064604E075
:100D4000FFF74CFE801B6428F1D828688003F7D495
:100D50002078DFF8648280074FF0010A4FF0000925
:100D600039D5686810F00C0F07D06868C0F38100AF
:100D7000022809D16868C00306D42868800714D502
:100D80002069012808D110E02069B0B1C8F800A09E
:100D9000FFF724FE064605E007E1FFF71FFE801B74
:100DA0000228C4D828688007F7D52868616920F030
:100DB000F80040EAC10028600DE0C8F80090FFF795
:100DC0000DFE064604E0FFF709FE801B022823D82B
:100DD00028688007F7D4207800072CD57748A169C8
:100DE000D9B1C0F800A0FFF7F9FD064604E0FFF70F
:100DF000F5FD801B02280FD8686A8007F7D5704878
:100E00004FF4FA510068B0FBF1F0009000BF009879
:100E1000411E0091FAD20EE07CE0C0F80090FFF78E
:100E2000DDFD064604E0FFF7D9FD801B022871D8DE
:100E3000686A8007F7D4207840075BD5E869002707
:100E4000C00008D4E86940F08050E861E8690127F3
:100E500000F0805000905B480168C90511D401681A
:100E6000834641F480710160FFF7B8FD064604E057
:100E7000FFF7B4FD801B64284CD8DBF80000C005E8
:100E8000F6D5E06801280AD008B1052813D0286AF1
:100E900020F001002862286A20F0040002E0286A9D
:100EA00040F001002862E06841F2883B88B1FFF71A
:100EB00095FD064609E0286A40F004002862EEE746
:100EC000FFF78CFD811B59455BD8286A8007F7D551
:100ED0000BE0FFF783FD064604E0FFF77FFD811B73
:100EE00059454ED8286A8007F7D41FB1E86920F029
:100EF0008050E861E069A8B36968C1F38101022903
:100F000046D00228484606D0C8F86000FFF766FDC4
:100F1000044639E035E04746C8F86000FFF75EFD5B
:100F2000064604E0FFF75AFD801B022829D82868EE
:100F30008001F7D4206AB0F5803F05D16868A168C8
:100F400020F4003008436860D4E908010843696868
:100F500021F4741108436860C7F860A0FFF73EFDF4
:100F6000044605E023E0FFF739FD001B022808D8FE
:100F700028688001F7D51AE0FFF730FD001B022832
:100F800002D90320BDE8F88F28688001F4D40EE070
:100F90000128F7D06868226A00F48031914204D1B8
:100FA000616A00F47010884201D00120EAE7002055
:100FB000E8E7000000100240000042428004424284
:100FC000000000200070004070B515460E46040079
:100FD00007D0A069B0F5807F03D094F8410010B12C
:100FE00007E0012070BD002084F84000204600F09A
:100FF0001DF804F108012068FFF76EFA3146A26877
:101000002068FFF79DFAD4E901022946236BFFF718
:1010100045FAA168206850F8212042F0010240F80A
:101020002120012084F84100002070BD184800B53F
:10103000416985B041F480714161416901F4807179
:101040000491816941F020018161816901F02001F1
:101050000491816941F0400181618069694600F035
:10106000400004904CF20370009002200190012097
:101070000290032003900748FFF7A6FB4FF680700D
:10108000009069460448FFF79FFB05B000BD0000D3
:101090000010024000140140001801404FF0E02110
:1010A0000428086903D020F004000861704740F06C
:1010B0000400FAE710B5401EB0F1807F01D3012093
:1010C00010BD4FF0E02460610F21601700F053FA6B
:1010D0000020A06107202061002010BD70470000A3
:1010E00070B5026804461068D168536910F00F0F9C
:1010F00052D003F0010501F490762E435FD0C20771
:1011000005D0CA0503D5E26B42F00102E263420753
:1011100005D5DA0703D0E26B42F00202E2638207F0
:1011200005D5DA0703D0E26B42F00402E26302075E
:1011300007D501F020022A4303D0E26B42F00802F7
:10114000E263E26B002A33D0800604D5880602D51C
:10115000204600F05DF920684069E16BC0F3801023
:10116000090700D428B3204600F044F920684169FB
:1011700049061AD5416921F040014161606BA0B177
:101180002D494163606BFFF721FA002810D0606B96
:10119000416BBDE870400847830610D58B060ED51D
:1011A0002046BDE8704000F033B92046FFF796FFB7
:1011B00070BD2046FFF792FF0020E06370BD03067C
:1011C0002BD50B0629D594F839002128F6D1A06833
:1011D000B0F5805F01D12069B0B1206A411C216265
:1011E000216800784860E08C401E0004000CE08418
:1011F000E4D12068C16821F08001C1602068C16825
:1012000041F04001C16070BD206A0088C0F3080051
:101210005060206A801C2062E5E74006F3D548064E
:10122000F1D5D168204621F04001D160202184F819
:10123000391000F0D1F870BDE513000870B5040056
:1012400004D094F83900002510B106E0012070BDEB
:1012500084F83850204600F023F8242084F8390020
:101260002068C16821F40051C160204600F016F9E1
:101270002068016921F4904101612068416921F0F1
:101280002A0141612068C16841F40051C160E563F1
:10129000202084F8390084F83A00002070BD000056
:1012A00010B500681E4986B0884236D11D48816954
:1012B00041F004018161816901F0040104918169B7
:1012C00041F004018161816901F0040104918169A7
:1012D00041F4804181618069134C00F480400490A6
:1012E0004FF4007000900220019001200290032032
:1012F000039069462046FFF767FA21150091002107
:10130000019169462046FFF75FFA2520FFF79FFB12
:10131000032211462520FFF7A7FB06B010BD0000F1
:1013200000380140001002400008014090F83A30B7
:10133000202B22D1F9B1F2B190F83830012B1CD01A
:1013400081628285C2850021C163222280F83A2011
:1013500080F838100168CA6842F48072CA60016877
:101360004A6942F001024A610068C16841F0200107
:10137000C1600020704701207047022070470000C4
:1013800030B50068114988420CD1114A50880104D7
:1013900008D41146440409784FF0000306D50A2901
:1013A00001D0538030BD40F400400DE00D2909D03C
:1013B000C0F30D04074D401C80B229555080C7284A
:1013C000EFD830BD40F48040508030BD003801403F
:1013D000060000203C0000207047FEE7FEE7704753
:1013E0007047704710B5406A0021C185C184FFF77E
:1013F00075FE10BD0168CA6822F49072CA60016867
:101400004A6922F001024A61202180F83A107047AF
:1014100010B590F83A10222901D0022010BD816841
:101420004FF48053994201D1026922B1826A9942F4
:101430001BD049B10AE00268816A5268C2F308020F
:101440000A80816A891C08E0016971B101684968F4
:1014500001F07F011170816A491C8162C18D491EB2
:101460000904090CC18503D016E001684968F1E759
:101470000168CA6822F02002CA600168CA6822F4C2
:101480008072CA6001684A6922F001024A61202123
:1014900080F83A10FFF774FF002010BD70B50446C5
:1014A00000680169E26821F4405111430161A168BB
:1014B00020690143606901432068C26841F20C63FE
:1014C0009A430A43C26020684169A26921F44071CD
:1014D000114341611E492068884202D1FFF7A2FBF7
:1014E00001E0FFF78FFB00EBC00101EB001160682A
:1014F00064228000B1FBF0F3B3FBF2F36FF0180647
:101500007343B1FBF0F5B1FBF0F605EB8305322335
:1015100003EB0515B5FBF2F5B6FBF2F605F0F005A9
:1015200005EB0615B1FBF0F6B1FBF0F0B0FBF2F005
:101530006FF01801484306EB800003EB0010B0FB8E
:10154000F2F0216800F00F002844886070BD0000B0
:101550000038014010B50548FFF7C2FD01220449DB
:101560000248FFF7E3FE0028F8D110BD0401002077
:1015700006000020FEE70907090E002804DB00F141
:10158000E02080F80014704700F00F0000F1E02028
:1015900080F8141D704770470F4A82B0536943F0BA
:1015A0000203536152690D4B02F0020200920C4A91
:1015B00093604FF48043D3604023C2E90430980025
:1015C000C2E90601002010624FF44050506202F15F
:1015D000080002B0FFF792B8001002405804024021
:1015E0009C0100202DE9F05FDFF8DC9017460A46E9
:1015F000804600244FF48061B9F800004FF6FF7573
:101600004B00264605EA4005062A1DD2DFE802F017
:101610000306090C0E110020014603E08020002182
:1016200009E00020002506E0802004E000201946A3
:10163000F8E780201946FFF7AFFF2448006840060E
:1016400004D50420BDE8F09F0220FBE7DFF880B05E
:10165000DFF880A007B1B8474F467888B04230D94C
:10166000DFF874C05B465046DCF80810490416D514
:101670000168C906FCD599687A681155641CA1B245
:101680000268D206FCD40268D206FCD59A687C684F
:101690006254491C8CB20168C906FCD4E4E7002CF2
:1016A000DBD0094808300446FEF76CFF3B88424611
:1016B00020467968FFF760F80024761CA844B6B28B
:1016C000CBE70020BEE700009C0100200814014089
:1016D00000100140080C0140002001402DE9F04FAE
:1016E00085B0874800260196816941F0200181611B
:1016F000816901F020010491816941F48071816167
:10170000816901F480710491816941F01001816166
:10171000816901F010010491816941F0100181613A
:10172000816901F010010491816941F0100181612A
:10173000816901F010010491816941F0100181611A
:10174000816901F010010491816941F0100181610A
:10175000816901F010010491816941F010018161FA
:10176000816901F010010491816941F010018161EA
:10177000816901F010010491816941F010018161DA
:10178000816901F010010491816941F008018161D2
:10179000816901F008010491816941F001018161D1
:1017A000816901F00101049156494A6822F0E06222
:1017B00042F000724A60826942F4807282618269FA
:1017C00002F480720492826942F0080282618269A6
:1017D00002F008020492826942F00102826180698B
:1017E00000F001000490486820F0E06040F00070D4
:1017F0004860402701240325694643480097CDE906
:101800000245FEF7E1FFA003CDE90006DFF8FCB0DA
:1018100069465846CDE90245FEF7D6FFCDE90046B8
:10182000DFF8ECA069465046CDE90245FEF7CCFF53
:101830000220CDE9000669465046CDE90245FEF793
:10184000C3FF0420CDE9000669465046CDE90245B4
:10185000FEF7BAFF4FF00809CDE9009669465046F9
:10186000CDE90245FEF7B0FF4FF01008CDE9008644
:1018700069465046CDE90245FEF7A6FF2020CDE996
:10188000000669465046CDE90245FEF79DFFCDE9C9
:10189000007669465046CDE90245FEF795FF802067
:1018A000CDE9000669465046CDE90245FEF78CFFBA
:1018B000184FCDE9008669463846CDE90245FEF766
:1018C00083FFE603CDE9006469465846CDE9024549
:1018D000FEF77AFFCDE9009469463846CDE9024526
:1018E000FEF772FF012231465846FFF772F80122D7
:1018F00008213846FFF76DF805B0BDE8F08F00000D
:10190000001002400000014000140140002001408E
:1019100000100140000C014070B5FFF7DFFE00220F
:1019200008213B48FFF755F80A2000F0E1FC394D4B
:101930004FF40044002221462846FFF74AF80A20C7
:1019400000F0D6FC012221462846FFF742F80A2083
:1019500000F0CEFC00F0B8F8012000F070F8802113
:10196000122000F0B0FC322000F0C2FC012000F098
:1019700066F81C2000F054F804021D2000F050F816
:101980002043A0F5FE41A2390ED1012000F057F806
:101990000A2000F045F804020B2000F041F8204333
:1019A000A0F51851423901D0012070BD1A4D002414
:1019B00005EB4400417815F8140000F084FC641C29
:1019C000B22CF5D3002000F03AF85A2000F028F8A5
:1019D00004465B2000F024F805465C2000F020F867
:1019E000014600F0030044EA00200C4C01F0040121
:1019F000800045EA8111208089006180410000203B
:101A000003F0EEFE606008B1002070BD032070BDE1
:101A1000000C0140002001407C8B00089C0100204C
:101A200008B5002201468DF80020302000F027F88C
:101A30006946302000F011F89DF8000008BD10B58F
:101A400018B1012803D0022010BD002100E00121BF
:101A5000FF2000F038FC002010BD70B50D46044694
:101A600000F0C2F8012000EB4400C0B200F002F91F
:101A7000284600F05BF8BDE8704000F0D9B870B5BA
:101A80000D46044600F0B0F86006000E00F0F2F8D3
:101A9000284600F0EFF8BDE8704000F0C9B870B516
:101AA00015460E46044600F09FF86006000E00F052
:101AB000E1F8304600F0DEF8284600F0DBF8BDE83B
:101AC000704000F0B5B8000030B5154885B08169A8
:101AD00041F020018161816901F020010491816957
:101AE00041F4807181618069012400F48070049068
:101AF0000820CDE90004032569460A48CDE90245DE
:101B0000FEF762FE6003CDE9000469460648CDE9B0
:101B10000245FEF759FE00F08BF805B030BD00001D
:101B20000010024000140140002001402DE9FF4751
:101B300005464FF4005601AA002001274FF0030884
:101B4000009682E88101DFF898A069465046FEF7CA
:101B50003BFEB146234E0724052000F0E7FB01229F
:101B600008213046FEF735FF49465046FEF724FF70
:101B70002978A04001432970052000F0D7FB0022FE
:101B800008213046FEF725FF641E64B2002CE3DA1C
:101B9000052000F0CBFB012208213046FEF719FF9B
:101BA000052000F0C3FB002208213046FEF711FF9C
:101BB000052000F0BBFB00224C46494655465046E6
:101BC000FEF707FF052000F0B1FBCDE90047CDE9A6
:101BD000027869462846FEF7F7FDBDE8FF8700005A
:101BE000002001400014014070B501220E4D540345
:101BF00021462846FEF7EDFE0C4E01220821304614
:101C0000FEF7E7FE052000F091FB00222146284662
:101C1000FEF7DFFE052000F089FB3046BDE870408E
:101C200000220821FEF7D5BE00200140001401402B
:101C300070B50E4D4FF40054002221462846FEF7A1
:101C4000C8FE052000F072FB012208210848FEF7BB
:101C5000C0FE052000F06AFB012221462846FEF75F
:101C6000B8FEBDE87040052000F060BB00200140D8
:101C7000001401402DE9F041DFF878801E4D064642
:101C800007244FF4005726FA04F010F0010F01D09A
:101C9000012200E0002239464046FEF79AFE052068
:101CA00000F044FB012208212846FEF792FE0520A1
:101CB00000F03CFB002208212846FEF78AFE641E45
:101CC00064B2002CDFDA012239464046FEF781FE7D
:101CD000052000F02BFB012208212846FEF779FEA3
:101CE000052000F023FB2846BDE8F0410022082132
:101CF000FEF76FBE002001400014014010B505281A
:101D000061D2DFE800F003142D3E4F000020FFF702
:101D100096FE00217C2000F0D6FA04217D2000F000
:101D2000D2FA09217C2000F0CEFA40210FE00020F9
:101D3000FFF785FE00217C2000F0C5FA04217D20FC
:101D400000F0C1FA09217C2000F0BDFA30217D208D
:101D500000F0B9FA00217D2000F0B5FA002010BD96
:101D60000020FFF76CFE00217C2000F0ACFA04217B
:101D70007D2000F0A8FA09217C2000F0A4FA20219F
:101D8000E5E70020FFF75BFE00217C2000F09BFAD6
:101D900004217D2000F097FA09217C2000F093FABD
:101DA0001021D4E70020FFF74AFE00217C2000F03C
:101DB0008AFA04217D2000F086FA09217C2000F0B7
:101DC00082FA0021C3E7022010BD10B5052872D2A7
:101DD000DFE800F0031831465B000020FFF72FFE1C
:101DE00000217C2000F06FFA02217D2000F06BFAC8
:101DF00003217C2000F067FA68217D2000F063FA5F
:101E0000682113E00020FFF71AFE00217C2000F07B
:101E10005AFA02217D2000F056FA03217C2000F0BE
:101E200052FA58217D2000F04EFA58217D2000F012
:101E30004AFA002010BD0020FFF701FE00217C209F
:101E400000F041FA02217D2000F03DFA03217C20C0
:101E500000F039FA48217D2000F035FA4821E5E705
:101E60000020FFF7ECFD00217C2000F02CFA02217D
:101E70007D2000F028FA03217C2000F024FA38218C
:101E80007D2000F020FA3821D0E70020FFF7D7FDB1
:101E900000217C2000F017FA02217D2000F013FAC7
:101EA00003217C2000F00FFA28217D2000F00BFA9E
:101EB0002821BBE7FFE7022010BD10B5052870D22E
:101EC000DFE800F0031C3D5670000020FFF7B7FD6F
:101ED00000217C2000F0F7F904217D2000F0F3F9C7
:101EE00007217C2000F0EFF920217D2000F0EBF9A4
:101EF00028217D2000F0E7F90C2117E00020FFF7F2
:101F00009EFD00217C2000F0DEF904217D2000F000
:101F1000DAF907217C2000F0D6F920217D2000F09D
:101F2000D2F924217D2000F0CEF916217D2000F089
:101F3000CAF906217D2000F0C6F9002010BD00205E
:101F4000FFF77DFD00217C2000F0BDF904217D20FC
:101F500000F0B9F907217C2000F0B5F920217D209F
:101F600000F0B1F920217D2000F0ADF92021DDE75E
:101F70000020FFF764FD00217C2000F0A4F904217B
:101F80007D2000F0A0F907217C2000F09CF92021A1
:101F90007D2000F098F91C217D2000F094F92A2181
:101FA000C4E718E00020FFF74AFD00217C2000F084
:101FB0008AF904217D2000F086F907217C2000F0B9
:101FC00082F920217D2000F07EF918217D2000F08B
:101FD0007AF93421AAE7022010BD10B5052853D2A2
:101FE000DFE800F003091E2F40000020FFF727FD67
:101FF0000021C72010E00020FFF721FD4021C7206D
:1020000000F061F95E21CC2000F05DF94121CD2086
:1020100000F059F9542135E000F055F9002010BDC9
:102020000020FFF70CFD4021C72000F04CF965218E
:10203000CC2000F048F94121CD2000F044F94F2197
:1020400020E00020FFF7FBFC4021C72000F03BF917
:102050005221CC2000F037F94121CD2000F033F996
:1020600066210FE00020FFF7EAFC4021C72000F0C6
:102070002AF94221CC2000F026F93F21CD2000F0A2
:1020800022F97121CE20C7E7022010BD70B518B12A
:1020900001280ED0022070BD144D002405EB440031
:1020A000417815F8140000F00EF9641C0E2CF5D3DD
:1020B00019E00E4D00241E3D05EB4400417815F853
:1020C000140000F000F9641C082CF5D3074D00241F
:1020D0000E3D05EB4400417815F8140000F0F3F8CC
:1020E000641C072CF5D3002070BD0000FE8C000896
:1020F00070B50D4604462843800701D0022070BD0C
:102100001A4E0020716803F03FFB6100002003F0CD
:1021100067FB706010B334807580A408AD080020A0
:10212000FFF78DFC0421E02000F0CDF8E1B25A2049
:1021300000F0C9F8E9B25B2000F0C5F8A809C0F3C7
:102140008000C4F3012141EA80015C2000F0BBF86B
:102150000021E02000F0B7F8002070BD3088410079
:10216000002003F03DFB7060032070BD9C01002047
:1021700070B50C4605463F2802D80CB17F2C01D91A
:10218000022070BD0020FFF75AFC2146D32000F04A
:102190009AF80120FFF753FC2946112000F093F82C
:1021A000002070BD10B5082875D2DFE800F00419D2
:1021B0002F4459626B750020FFF741FC00217C2001
:1021C00000F081F818217D2000F07DF805217C20A9
:1021D00000F079F840217D2000F075F8A62110E08C
:1021E0000020FFF72CFC00217C2000F06CF8182167
:1021F0007D2000F068F805217C2000F064F8A02123
:1022000014E07D2000F05FF8002010BD0020FFF7F3
:1022100016FC00217C2000F056F818217D2000F0EB
:1022200052F805217C2000F04EF840217D2000F07E
:102230004AF84021E5E70020FFF701FC00217C205F
:1022400000F041F818217D2000F03DF805217C20A8
:1022500000F039F840217D2000F035F8C021D0E7AA
:102260000020FFF7ECFB00217C2000F02CF8182167
:102270001AE00020FFF7E3FB00217C2000F023F8A8
:10228000402111E00020FFF7DAFB00217C2000F064
:102290001AF8582108E014E00020FFF7D0FB0021D5
:1022A0007C2000F010F800217D2000F00CF80521C2
:1022B0007C2000F008F880217D2000F004F88021C7
:1022C0009FE7022010BD0A4601463020FFF7E7BB1A
:1022D00010B54FF0E0220021044611610846FEF7D8
:1022E000DDFE0249E008088010BD00000400002067
:1022F0004FF47A7170B5B0FBF1F2B0FBF1F401FB71
:102300001205094E03E0304600F010F8641E002C60
:10231000F9D1002D06D04FF47A706843BDE87040C3
:1023200000F004B870BD000040420F000B4909885E
:1023300048434FF0E021486100238B61086940F079
:10234000010008610869C20701D0C003FAD5086915
:1023500020F0010008618B6170470000040000203C
:1023600010B5022002F00AFF0021084602F0D8FF53
:10237000BDE8104003F024B9002003F085F9FFF711
:10238000CBFA05460020FFF781FE40EA0504154818
:1023900041880088FFF7ACFE20430BD012A0FDF768
:1023A0003BFF184C20212046FEF70BFBC820FFF70F
:1023B0009FFFF7E700F02CF80120FFF70EFE012049
:1023C000FFF703FD0120FFF799FC0220FFF775FDE1
:1023D0000720FFF7E7FE0C4C0C4A02212046FFF7CE
:1023E00001F9F9E78C01002041544B2D4D43323661
:1023F000343020496E6974204661696C6564210D32
:102400000A000000000C01400008006C6123000875
:1024100008480088F02806D0B0F5A07F06D0042137
:102420000F20FFF7A5BE1C210120FAE70F21032092
:10243000F7E700008C01002004490A685206FCD529
:10244000024AC1B2121D11607047000000380140FD
:10245000F0B51B4885B0816941F040018161816917
:1024600001F040010491816941F04001816181697D
:1024700001F040010491816941F0040181618069AA
:10248000002400F0040004901020012503268DE8AC
:1024900071000C4F69463846FEF796F908208DE822
:1024A000710069463846FEF78FF9022003960095C1
:1024B000CDE9014069460448FEF786F905B0F0BD54
:1024C00000100240001801400008014070B50949A1
:1024D0000646002408884D8821464543204602F0E0
:1024E0001FFF03F06DF8044801E00680641CAC4255
:1024F000FBD370BD8C0100200008006C2DE9F04F6B
:10250000374B2C27194698712B2589884FF4305A60
:102510004FF4285B41F6631E2A264FF0F00845F27F
:1025200010594FF448744FF4A07C4FF4F07260B12E
:10253000A3F800C0A3F80280494530D1A3F808A051
:10254000A3F80AB0280298813EE0A3F80080A3F81F
:1025500002C0494507D1A3F808A0A3F80AB04FF478
:102560002C50988104E071451F8104D15D819E81CA
:102570001A805C8001E05E819D81A1F5A640103843
:1025800003D0A1F5EE40963802D1A3F800C05A80DE
:10259000A1F5184006381DD11A805C801AE07145FB
:1025A0000FD0A1F5184006380BD01F815E819D81A8
:1025B000A1F5A64010380AD0A1F5EE40963806D015
:1025C00008E01F815E819D811C805A80F0E71A809F
:1025D000A3F802C0BDE8F04F002002F0CFBD00001C
:1025E0008C01002010B5144602F09AFE02F0E8FFBC
:1025F0000148048010BD00000008006C10B5CF2019
:1026000002F0D2FF002002F0C3FFC12002F0C0FFA1
:10261000302002F0BDFFED2002F0C6FF642002F082
:10262000B7FF032002F0B4FF122002F0B1FF8120B7
:1026300002F0AEFFE82002F0B7FF852002F0A8FF0D
:10264000102002F0A5FF7A2002F0A2FFCB2002F0BA
:10265000ABFF392002F09CFF2C2002F099FF0020F4
:1026600002F096FF342002F093FF022002F090FF68
:10267000F72002F099FF202002F08AFFEA2002F002
:1026800093FF002002F084FF002002F081FFC020B1
:1026900002F08AFF1B2002F07BFFC12002F084FFC2
:1026A000012002F075FFC52002F07EFF302002F00D
:1026B0006FFF302002F06CFFC72002F075FFB720DB
:1026C00002F066FF362002F06FFF482002F060FF44
:1026D0003A2002F069FF552002F05AFFB12002F0C3
:1026E00063FF002002F054FF1A2002F051FFB620D1
:1026F00002F05AFF0A2002F04BFFA22002F048FF2E
:10270000F22002F051FF002002F042FF262002F0EA
:102710004BFF012002F03CFFE02002F045FF0F20BC
:1027200002F036FF2A2002F033FF282002F030FFAB
:10273000082002F02DFF0E2002F02AFF082002F0F0
:1027400027FF542002F024FFA92002F021FF43209C
:1027500002F01EFF0A2002F01BFF0F2002F018FFFC
:10276000002002F015FF002002F012FF002002F00E
:102770000FFF002002F00CFFE12002F015FF002007
:1027800002F006FF152002F003FF172002F000FF01
:10279000072002F0FDFE112002F0FAFE062002F0F2
:1027A000F7FE2B2002F0F4FE562002F0F1FE3C2052
:1027B00002F0EEFE052002F0EBFE102002F0E8FE33
:1027C0000F2002F0E5FE3F2002F0E2FE3F2002F083
:1027D000DFFE0F2002F0DCFE2B2002F0E5FE0020E1
:1027E00002F0D6FE002002F0D3FE012002F0D0FE5F
:1027F0003F2002F0CDFE2A2002F0D6FE002002F09B
:10280000C7FE002002F0C4FE002002F0C1FEEF204F
:1028100002F0BEFE112002F0C7FE7820FFF768FD2F
:10282000BDE81040292002F0BFBE10B5FF2002F025
:10283000BBFEFF2002F0ACFE982002F0A9FE0620AD
:1028400002F0A6FEBC2002F0AFFE012002F0A0FEC6
:102850000F2002F09DFE612002F09AFEFF2002F0A0
:1028600097FE012002F094FE012002F091FE0B2061
:1028700002F08EFE102002F08BFE372002F088FE60
:10288000632002F085FEFF2002F082FEFF2002F0AE
:102890007FFE012002F07CFE012002F079FE002084
:1028A00002F076FE002002F073FEFF2002F070FEC0
:1028B000522002F06DFE012002F06AFE002002F0BC
:1028C00067FE402002F064FEBD2002F06DFE012094
:1028D00002F05EFE232002F05BFE452002F058FE6F
:1028E000672002F055FE012002F052FE232002F084
:1028F0004FFE452002F04CFE672002F049FEBE204C
:1029000002F052FE002002F043FE012002F040FEE1
:10291000AB2002F03DFE602002F03AFE222002F0E1
:1029200037FE222002F034FE222002F031FE222067
:1029300002F02EFE222002F02BFEC72002F034FE11
:10294000362002F025FEED2002F02EFE7F2002F060
:102950001FFE0F2002F01CFEC02002F025FE0F20FB
:1029600002F016FE0B2002F013FE0A2002F010FE09
:10297000FC2002F019FE082002F00AFEDF2002F01F
:1029800013FE002002F004FE002002F001FE0020F1
:1029900002F0FEFD002002F0FBFD002002F0F8FD39
:1029A000202002F0F5FDF32002F0FEFD742002F07D
:1029B000EFFDB42002F0F8FD002002F0E9FD002058
:1029C00002F0E6FD002002F0E3FDF72002F0ECFD4E
:1029D000822002F0DDFDB12002F0E6FD002002F0D1
:1029E000D7FD132002F0D4FD132002F0D1FDF22018
:1029F00002F0DAFD802002F0CBFD042002F0C8FDD9
:102A0000402002F0C5FD282002F0C2FDC12002F0E6
:102A1000CBFD172002F0BCFD882002F0B9FD882014
:102A200002F0B6FD202002F0B3FDE02002F0BCFD74
:102A3000002002F0ADFD0A2002F0AAFD122002F0F3
:102A4000A7FD102002F0A4FD0E2002F0A1FD202021
:102A500002F09EFDCC2002F09BFD072002F098FDC5
:102A6000062002F095FD0B2002F092FD0E2002F0F0
:102A70008FFD0F2002F08CFD0D2002F089FD152046
:102A800002F086FD102002F083FD002002F080FDA0
:102A9000E12002F089FD002002F07AFD0B2002F017
:102AA00077FD132002F074FD0D2002F071FD0E2061
:102AB00002F06EFD1B2002F06BFD712002F068FD3C
:102AC000062002F065FD062002F062FD0A2002F0F9
:102AD0005FFD0F2002F05CFD0E2002F059FD0F207B
:102AE00002F056FD152002F053FD0C2002F050FDBF
:102AF000002002F04DFD2A2002F056FD002002F0D9
:102B000047FD002002F044FD012002F041FDDF20DE
:102B100002F03EFD2B2002F047FD002002F038FDC0
:102B2000002002F035FD032002F032FD1F2002F0EC
:102B30002FFD3A2002F038FD552002F029FD362005
:102B400002F032FD002002F023FD112002F02CFDE6
:102B50007820FFF7CDFB292002F026FD1420FFF797
:102B6000C7FBBDE810402C2002F01EBD10B5ED20C3
:102B700002F01AFD012002F00BFDFE2002F008FD1C
:102B8000EE2002F011FDDE2002F002FD212002F015
:102B9000FFFCF12002F008FD012002F0F9FCDF202B
:102BA00002F002FD102002F0F3FCC42002F0FCFC55
:102BB0008F2002F0EDFCC62002F0F6FC002002F0AF
:102BC000E7FCE22002F0E4FCE22002F0E1FCE2207B
:102BD00002F0DEFCBF2002F0E7FCAA2002F0D8FCE5
:102BE000B02002F0E1FC0D2002F0D2FC002002F047
:102BF000CFFC0D2002F0CCFC002002F0C9FC11201B
:102C000002F0C6FC002002F0C3FC192002F0C0FC58
:102C1000002002F0BDFC212002F0BAFC002002F0EE
:102C2000B7FC2D2002F0B4FC002002F0B1FC3D20E6
:102C300002F0AEFC002002F0ABFC5D2002F0A8FC2C
:102C4000002002F0A5FC5D2002F0A2FC002002F0B2
:102C50009FFCB12002F0A8FC802002F099FC00202B
:102C600002F096FC8B2002F093FC002002F090FC16
:102C7000962002F08DFC002002F08AFCB22002F0C7
:102C800093FC002002F084FC002002F081FC022072
:102C900002F07EFC002002F07BFC032002F078FCB6
:102CA000002002F075FCB32002F07EFC002002F050
:102CB0006FFC002002F06CFC002002F069FC002098
:102CC00002F066FC002002F063FC002002F060FCD1
:102CD000002002F05DFC002002F05AFC002002F00F
:102CE00057FC002002F054FC002002F051FC0020B0
:102CF00002F04EFC002002F04BFC002002F048FCE9
:102D0000002002F045FC002002F042FC002002F00E
:102D10003FFC002002F03CFC002002F039FC0020C7
:102D200002F036FC002002F033FC002002F030FC00
:102D3000002002F02DFC002002F02AFCB42002F05A
:102D400033FC8B2002F024FC002002F021FC9620B2
:102D500002F01EFC002002F01BFCA12002F018FC77
:102D6000002002F015FCB52002F01EFC022002F04B
:102D70000FFC002002F00CFC032002F009FC0020F4
:102D800002F006FC042002F003FC002002F000FC2C
:102D9000B62002F009FC002002F0FAFB002002F04D
:102DA000F7FBB72002F000FC002002F0F1FB00204E
:102DB00002F0EEFB3F2002F0EBFB002002F0E8FB0C
:102DC0005E2002F0E5FB002002F0E2FB642002F04E
:102DD000DFFB002002F0DCFB8C2002F0D9FB00209E
:102DE00002F0D6FBAC2002F0D3FB002002F0D0FBB7
:102DF000DC2002F0CDFB002002F0CAFB702002F0C4
:102E0000C7FB002002F0C4FB902002F0C1FB0020B1
:102E100002F0BEFBEB2002F0BBFB002002F0B8FB8F
:102E2000DC2002F0B5FB002002F0B2FBB82002F07B
:102E3000BBFB002002F0ACFB002002F0A9FB00204D
:102E400002F0A6FB002002F0A3FB002002F0A0FB92
:102E5000002002F09DFB002002F09AFB002002F00F
:102E600097FBBA2002F0A0FB242002F091FB002087
:102E700002F08EFB002002F08BFB002002F088FBAA
:102E8000C12002F091FB202002F082FB002002F022
:102E90007FFB542002F07CFB002002F079FBFF2036
:102EA00002F076FB002002F073FBC22002F07CFBF4
:102EB0000A2002F06DFB002002F06AFB042002F001
:102EC00067FB002002F064FBC32002F06DFB3C2096
:102ED00002F05EFB002002F05BFB3A2002F058FBA0
:102EE000002002F055FB392002F052FB002002F0D6
:102EF0004FFB372002F04CFB002002F049FB3C2046
:102F000002F046FB002002F043FB362002F040FBBB
:102F1000002002F03DFB322002F03AFB002002F0DC
:102F200037FB2F2002F034FB002002F031FB2C2075
:102F300002F02EFB002002F02BFB292002F028FBE0
:102F4000002002F025FB262002F022FB002002F0E8
:102F50001FFB242002F01CFB002002F019FB2420A0
:102F600002F016FB002002F013FB232002F010FBFE
:102F7000002002F00DFB3C2002F00AFB002002F0D2
:102F800007FB362002F004FB002002F001FB322098
:102F900002F0FEFA002002F0FBFA2F2002F0F8FA0D
:102FA000002002F0F5FA2C2002F0F2FA002002F0E4
:102FB000EFFA292002F0ECFA002002F0E9FA2620CC
:102FC00002F0E6FA002002F0E3FA242002F0E0FA30
:102FD000002002F0DDFA242002F0DAFA002002F0EC
:102FE000D7FA232002F0D4FA002002F0D1FAC4204C
:102FF00002F0DAFA622002F0CBFA002002F0C8FAFE
:10300000052002F0C5FA002002F0C2FA842002F086
:10301000BFFA002002F0BCFAF02002F0B9FA00205A
:1030200002F0B6FA182002F0B3FA002002F0B0FA6B
:10303000A42002F0ADFA002002F0AAFA182002F053
:10304000A7FA002002F0A4FA502002F0A1FA002012
:1030500002F09EFA0C2002F09BFA002002F098FA8F
:10306000172002F095FA002002F092FA952002F063
:103070008FFA002002F08CFAF32002F089FA002087
:1030800002F086FAE62002F083FA002002F080FACD
:10309000C52002F089FA322002F07AFA002002F00C
:1030A00077FA442002F074FA002002F071FA6520E9
:1030B00002F06EFA002002F06BFA762002F068FA55
:1030C000002002F065FA882002F062FA002002F087
:1030D0005FFAC62002F068FA202002F059FA0020B8
:1030E00002F056FA172002F053FA002002F050FACC
:1030F000012002F04DFA002002F04AFAC72002F047
:1031000053FA002002F044FA002002F041FA0020B5
:1031100002F03EFA002002F03BFAC82002F044FA26
:10312000002002F035FA002002F032FA002002F00E
:103130002FFA002002F02CFAC92002F035FA002004
:1031400002F026FA002002F023FA002002F020FA12
:10315000002002F01DFA002002F01AFA002002F00E
:1031600017FA002002F014FA002002F011FA0020F1
:1031700002F00EFA002002F00BFA002002F008FA2A
:10318000002002F005FA002002F002FA002002F00E
:10319000FFF9002002F0FCF9002002F0F9F9E0202C
:1031A00002F002FA162002F0F3F9002002F0F0F922
:1031B0001C2002F0EDF9002002F0EAF9212002F0D3
:1031C000E7F9002002F0E4F9362002F0E1F90020EE
:1031D00002F0DEF9462002F0DBF9002002F0D8F917
:1031E000522002F0D5F9002002F0D2F9642002F05A
:1031F000CFF9002002F0CCF97A2002F0C9F90020C2
:1032000002F0C6F98B2002F0C3F9002002F0C0F9E9
:10321000992002F0BDF9002002F0BAF9A82002F0CE
:10322000B7F9002002F0B4F9B92002F0B1F900209A
:1032300002F0AEF9C42002F0ABF9002002F0A8F9C8
:10324000CA2002F0A5F9002002F0A2F9D22002F073
:103250009FF9002002F09CF9D92002F099F9002092
:1032600002F096F9E02002F093F9002002F090F9C4
:10327000F32002F08DF9002002F08AF9E12002F03B
:1032800093F9162002F084F9002002F081F91C2045
:1032900002F07EF9002002F07BF9222002F078F99A
:1032A000002002F075F9362002F072F9002002F0D9
:1032B0006FF9452002F06CF9002002F069F9522004
:1032C00002F066F9002002F063F9642002F060F970
:1032D000002002F05DF97A2002F05AF9002002F095
:1032E00057F98B2002F054F9002002F051F999208F
:1032F00002F04EF9002002F04BF9A82002F048F944
:10330000002002F045F9B92002F042F9002002F055
:103310003FF9C42002F03CF9002002F039F9CA203C
:1033200002F036F9002002F033F9D22002F030F931
:10333000002002F02DF9D82002F02AF9002002F036
:1033400027F9E02002F024F9002002F021F9F3200F
:1033500002F01EF9002002F01BF9E22002F024F92D
:10336000052002F015F9002002F012F90B2002F0FE
:103370000FF9002002F00CF91B2002F009F90020DF
:1033800002F006F9342002F003F9002002F000F9FF
:10339000442002F0FDF8002002F0FAF84F2002F07D
:1033A000F7F8002002F0F4F8612002F0F1F80020B4
:1033B00002F0EEF8792002F0EBF8002002F0E8F8D5
:1033C000882002F0E5F8002002F0E2F8972002F0F1
:1033D000DFF8002002F0DCF8A62002F0D9F8002087
:1033E00002F0D6F8B72002F0D3F8002002F0D0F8AF
:1033F000C22002F0CDF8002002F0CAF8C72002F087
:10340000C7F8002002F0C4F8D12002F0C1F8002073
:1034100002F0BEF8D62002F0BBF8002002F0B8F8A7
:10342000DD2002F0B5F8002002F0B2F8F32002F03F
:10343000AFF8002002F0ACF8E32002F0B5F8052068
:1034400002F0A6F8002002F0A3F80A2002F0A0F88B
:10345000002002F09DF81C2002F09AF8002002F0F3
:1034600097F8332002F094F8002002F091F84420FD
:1034700002F08EF8002002F08BF8502002F088F85D
:10348000002002F085F8622002F082F8002002F0AD
:103490007FF8782002F07CF8002002F079F888208C
:1034A00002F076F8002002F073F8972002F070F82E
:1034B000002002F06DF8A62002F06AF8002002F069
:1034C00067F8B72002F064F8002002F061F8C2202B
:1034D00002F05EF8002002F05BF8C72002F058F816
:1034E000002002F055F8D12002F052F8002002F03E
:1034F0004FF8D52002F04CF8002002F049F8DD200A
:1035000002F046F8002002F043F8F32002F040F801
:10351000002002F03DF8E42002F046F8012002F01D
:1035200037F8002002F034F8012002F031F80020D2
:1035300002F02EF8022002F02BF8002002F028F80A
:103540002A2002F025F8002002F022F83C2002F0A8
:103550001FF8002002F01CF84B2002F019F80020A0
:1035600002F016F85D2002F013F8002002F010F8C7
:10357000742002F00DF8002002F00AF8842002F016
:1035800007F8002002F004F8932002F001F8002070
:1035900001F0FEFFA22001F0FBFF002001F0F8FF88
:1035A000B32001F0F5FF002001F0F2FFBE2001F092
:1035B000EFFF002001F0ECFFC42001F0E9FF002044
:1035C00001F0E6FFCD2001F0E3FF002001F0E0FF75
:1035D000D32001F0DDFF002001F0DAFFDD2001F053
:1035E000D7FF002001F0D4FFF32001F0D1FF00202D
:1035F00001F0CEFFE52001F0D7FF002001F0C8FF69
:10360000002001F0C5FF002001F0C2FF002001F002
:10361000BFFF022001F0BCFF002001F0B9FF29200C
:1036200001F0B6FF002001F0B3FF3C2001F0B0FF35
:10363000002001F0ADFF4B2001F0AAFF002001F0B7
:10364000A7FF5D2001F0A4FF002001F0A1FF74207E
:1036500001F09EFF002001F09BFF842001F098FF05
:10366000002001F095FF932001F092FF002001F06F
:103670008FFFA22001F08CFF002001F089FFB32012
:1036800001F086FF002001F083FFBE2001F080FFE3
:10369000002001F07DFFC42001F07AFF002001F03E
:1036A00077FFCD2001F074FF002001F071FFD320DF
:1036B00001F06EFF002001F06BFFDC2001F068FFDD
:1036C000002001F065FFF32001F062FF002001F00F
:1036D0005FFFE62001F068FF112001F059FF002094
:1036E00001F056FF342001F053FF002001F050FF9D
:1036F000562001F04DFF002001F04AFF762001F036
:1037000047FF002001F044FF772001F041FF002037
:1037100001F03EFF662001F03BFF002001F038FF82
:10372000882001F035FF002001F032FF992001F0E0
:103730002FFF002001F02CFFBB2001F029FF00200B
:1037400001F026FF992001F023FF002001F020FF67
:10375000662001F01DFF002001F01AFF552001F046
:1037600017FF002001F014FF552001F011FF002089
:1037700001F00EFF452001F00BFF002001F008FFD3
:10378000432001F005FF002001F002FF442001F07A
:10379000FFFE002001F0FCFEE72001F005FF3220D3
:1037A00001F0F6FE002001F0F3FE552001F0F0FEDE
:1037B000002001F0EDFE762001F0EAFE002001F08D
:1037C000E7FE662001F0E4FE002001F0E1FE672044
:1037D00001F0DEFE002001F0DBFE672001F0D8FEE4
:1037E000002001F0D5FE872001F0D2FE002001F07C
:1037F000CFFE992001F0CCFE002001F0C9FEBB20D5
:1038000001F0C6FE002001F0C3FE992001F0C0FEC9
:10381000002001F0BDFE772001F0BAFE002001F08B
:10382000B7FE442001F0B4FE002001F0B1FE5620A6
:1038300001F0AEFE002001F0ABFE232001F0A8FE57
:10384000002001F0A5FE332001F0A2FE002001F0CF
:103850009FFE452001F09CFE002001F099FEE8202B
:1038600001F0A2FE002001F093FE002001F090FE86
:10387000992001F08DFE002001F08AFE872001F0E2
:1038800087FE002001F084FE882001F081FE0020E8
:1038900001F07EFE772001F07BFE002001F078FE33
:1038A000662001F075FE002001F072FE882001F014
:1038B0006FFE002001F06CFEAA2001F069FE0020DE
:1038C00001F066FEBB2001F063FE002001F060FE07
:1038D000992001F05DFE002001F05AFE662001F003
:1038E00057FE002001F054FE552001F051FE00204B
:1038F00001F04EFE552001F04BFE002001F048FE85
:10390000442001F045FE002001F042FE442001F079
:103910003FFE002001F03CFE552001F039FE002062
:1039200001F036FEE92001F03FFEAA2001F030FE52
:10393000002001F02DFE002001F02AFE002001F001
:1039400027FE002001F030FEAA2001F021FECF204A
:1039500001F02AFE002001F01BFE002001F018FEFD
:10396000002001F015FE002001F012FE002001F001
:103970000FFE002001F00CFE002001F009FE0020E7
:1039800001F006FE002001F003FE002001F000FE21
:10399000002001F0FDFD002001F0FAFD002001F003
:1039A000F7FD002001F0F4FD002001F0F1FD002002
:1039B00001F0EEFD002001F0EBFDF02001F0F4FD40
:1039C000002001F0E5FD502001F0E2FD002001F0B3
:1039D000DFFD002001F0DCFD002001F0D9FDF32027
:1039E00001F0E2FD002001F0D3FDF92001F0DCFD43
:1039F000062001F0CDFD102001F0CAFD292001F0C4
:103A0000C7FD002001F0C4FD3A2001F0CDFD552096
:103A100001F0BEFD112001F0C7FD6420FEF768FC37
:103A2000292001F0C1FD352001F0BEFD002001F08C
:103A3000AFFD512001F0B8FDFF2001F0A9FD53209A
:103A400001F0B2FD2C2001F0A3FD552001F0ACFDEA
:103A5000822001F09DFDBDE810402C2001F0A4BDA6
:103A60002DE9F05F4FF470435521184601F0B2FD87
:103A70004FF20104AA21204601F0ACFD651C522141
:103A8000284601F0A7FDA61C0821304601F0A2FD42
:103A9000E71C0121384601F09DFD0D214FF4304017
:103AA00001F098FD0D214BF2010001F093FD0D2175
:103AB0004BF2020001F08EFD4FF4364834214046AF
:103AC00001F088FD34214BF2016001F083FD3421C7
:103AD0004BF2026001F07EFD4FF431490D21484662
:103AE00001F078FD4BF2011A0D21504601F072FDF4
:103AF0000D214BF2021001F06DFD4FF4374B3421D4
:103B0000584601F067FD34214BF2017001F062FD6F
:103B100034214BF2027001F05DFD00214FF4324080
:103B200001F058FD00214BF2012001F053FD00216E
:103B30004BF2022001F04EFD24214FF4384001F0F9
:103B400049FD24214BF6010001F044FD24214BF6F0
:103B5000020001F03FFD01214FF43F4001F03AFD2A
:103B60000F214FF4334001F035FD0F214BF20130AE
:103B700001F030FD0F214BF2023001F02BFD34211A
:103B80004FF4394001F026FD34214BF6011001F0CD
:103B900021FD34214BF6021001F01CFD08214FF4E9
:103BA000354001F017FD08214BF2015001F012FDE4
:103BB00008214BF2025001F00DFD03214FF4424069
:103BC00001F008FD24214FF43A4001F003FD2421C7
:103BD0004BF6012001F0FEFC24214BF6022001F0FF
:103BE000F9FC00214FF43C4001F0F4FC78214BF645
:103BF000014001F0EFFC00214BF6024001F0EAFC2D
:103C000000214FF43D4001F0E5FC78214BF60150D6
:103C100001F0E0FC00214BF6025001F0DBFC00213A
:103C20004FF43E4001F0D6FC64214BF6016001F0F8
:103C3000D1FC00214FF4514001F0CCFC33214DF276
:103C4000011001F0C7FC00214DF2021001F0C2FC8E
:103C500034214DF2031001F0BDFC00214DF204109F
:103C600001F0B8FC3A214DF2051001F0B3FC00213F
:103C70004DF2061001F0AEFC4A214DF2071001F0A2
:103C8000A9FC00214DF2081001F0A4FC5C214DF2CA
:103C9000091001F09FFC00214DF20A1001F09AFC7E
:103CA00081214DF20B1001F095FC00214DF20C101A
:103CB00001F090FCA6214DF20D1001F08BFC0021CB
:103CC0004DF20E1001F086FCE5214DF20F1001F0CF
:103CD00081FC01214DF2101001F07CFC13214DF20A
:103CE000111001F077FC01214DF2121001F072FC6D
:103CF00054214DF2131001F06DFC01214DF214100E
:103D000001F068FC82214DF2151001F063FC0121E5
:103D10004DF2161001F05EFCCA214DF2171001F0B1
:103D200059FC02214DF2181001F054FC00214DF213
:103D3000191001F04FFC02214DF21A1001F04AFC5B
:103D400001214DF21B1001F045FC02214DF21C1027
:103D500001F040FC34214DF21D1001F03BFC02212A
:103D60004DF21E1001F036FC67214DF21F1001F0DC
:103D700031FC02214DF2201001F02CFC84214DF287
:103D8000211001F027FC02214DF2221001F022FC4B
:103D9000A4214DF2231001F01DFC02214DF224104C
:103DA00001F018FCB7214DF2251001F013FC02219F
:103DB0004DF2261001F00EFCCF214DF2271001F03C
:103DC00009FC02214DF2281001F004FCDE214DF225
:103DD000291001F0FFFB02214DF22A1001F0FAFB3D
:103DE000F2214DF22B1001F0F5FB02214DF22C10C7
:103DF00001F0F0FBFE214DF22D1001F0EBFB032151
:103E00004DF22E1001F0E6FB10214DF22F1001F0C3
:103E1000E1FB03214DF2301001F0DCFB33214DF2C8
:103E2000311001F0D7FB03214DF2321001F0D2FB2B
:103E30006D214DF2331001F0CDFB00214FF45240C3
:103E400001F0C8FB33214DF2012001F0C3FB00213A
:103E50004DF2022001F0BEFB34214DF2032001F0AF
:103E6000B9FB00214DF2042001F0B4FB3A214DF2E0
:103E7000052001F0AFFB00214DF2062001F0AAFB66
:103E80004A214DF2072001F0A5FB00214DF2082048
:103E900001F0A0FB5C214DF2092001F09BFB002109
:103EA0004DF20A2001F096FB81214DF20B2001F02A
:103EB00091FB00214DF20C2001F08CFBA6214DF26C
:103EC0000D2001F087FB00214DF20E2001F082FB56
:103ED000E5214DF20F2001F07DFB01214DF2102074
:103EE00001F078FB13214DF2112001F073FB012149
:103EF0004DF2122001F06EFB54214DF2132001F01F
:103F000069FB01214DF2142001F064FB82214DF286
:103F1000152001F05FFB01214DF2162001F05AFB44
:103F2000CA214DF2172001F055FB02214DF2182055
:103F300001F050FB00214DF2192001F04BFB022152
:103F40004DF21A2001F046FB01214DF21B2001F039
:103F500041FB02214DF21C2001F03CFB34214DF2CB
:103F60001D2001F037FB02214DF21E2001F032FB33
:103F700067214DF21F2001F02DFB02214DF2202080
:103F800001F028FB84214DF2212001F023FB0221C6
:103F90004DF2222001F01EFBA4214DF2232001F05E
:103FA00019FB02214DF2242001F014FBB7214DF240
:103FB000252001F00FFB02214DF2262001F00AFB23
:103FC000CF214DF2272001F005FB02214DF22820E0
:103FD00001F000FBDE214DF2292001F0FBFA022165
:103FE0004DF22A2001F0F6FAF2214DF22B2001F0D9
:103FF000F1FA02214DF22C2001F0ECFAFE214DF2F3
:104000002D2001F0E7FA03214DF22E2001F0E2FA13
:1040100010214DF22F2001F0DDFA03214DF2302066
:1040200001F0D8FA33214DF2312001F0D3FA032107
:104030004DF2322001F0CEFA6D214DF2332001F025
:10404000C9FA00214FF4534001F0C4FA33214DF274
:10405000013001F0BFFA00214DF2023001F0BAFA4E
:1040600034214DF2033001F0B5FA00214DF2043055
:1040700001F0B0FA3A214DF2053001F0ABFA00211F
:104080004DF2063001F0A6FA4A214DF2073001F058
:10409000A1FA00214DF2083001F09CFA5C214DF2AA
:1040A000093001F097FA00214DF20A3001F092FA3E
:1040B00081214DF20B3001F08DFA00214DF20C30D0
:1040C00001F088FAA6214DF20D3001F083FA0021AB
:1040D0004DF20E3001F07EFAE5214DF20F3001F085
:1040E00079FA01214DF2103001F074FA13214DF2EA
:1040F000113001F06FFA01214DF2123001F06AFA2D
:1041000054214DF2133001F065FA01214DF21430C3
:1041100001F060FA82214DF2153001F05BFA0121C5
:104120004DF2163001F056FACA214DF2173001F067
:1041300051FA02214DF2183001F04CFA00214DF2F3
:10414000193001F047FA02214DF21A3001F042FA1B
:1041500001214DF21B3001F03DFA02214DF21C30DD
:1041600001F038FA34214DF21D3001F033FA02210A
:104170004DF21E3001F02EFA67214DF21F3001F092
:1041800029FA02214DF2203001F024FA84214DF267
:10419000213001F01FFA02214DF2223001F01AFA0B
:1041A000A4214DF2233001F015FA02214DF2243002
:1041B00001F010FAB7214DF2253001F00BFA02217F
:1041C0004DF2263001F006FACF214DF2273001F0F2
:1041D00001FA02214DF2283001F0FCF9DE214DF206
:1041E000293001F0F7F902214DF22A3001F0F2F9FD
:1041F000F2214DF22B3001F0EDF902214DF22C307D
:1042000001F0E8F9FE214DF22D3001F0E3F9032130
:104210004DF22E3001F0DEF910214DF22F3001F079
:10422000D9F903214DF2303001F0D4F933214DF2A8
:10423000313001F0CFF903214DF2323001F0CAF9EB
:104240006D214DF2333001F0C5F900214FF4544097
:1042500001F0C0F933214DF2014001F0BBF900211A
:104260004DF2024001F0B6F934214DF2034001F065
:10427000B1F900214DF2044001F0ACF93A214DF2C0
:10428000054001F0A7F900214DF2064001F0A2F926
:104290004A214DF2074001F09DF900214DF20840FE
:1042A00001F098F95C214DF2094001F093F90021E9
:1042B0004DF20A4001F08EF981214DF20B4001F0E0
:1042C00089F900214DF20C4001F084F9A6214DF24C
:1042D0000D4001F07FF900214DF20E4001F07AF916
:1042E000E5214DF20F4001F075F901214DF210402A
:1042F00001F070F913214DF2114001F06BF9012129
:104300004DF2124001F066F954214DF2134001F0D4
:1043100061F901214DF2144001F05CF982214DF266
:10432000154001F057F901214DF2164001F052F904
:10433000CA214DF2174001F04DF902214DF218400B
:1043400001F048F900214DF2194001F043F9022132
:104350004DF21A4001F03EF901214DF21B4001F0EF
:1043600039F902214DF21C4001F034F934214DF2AB
:104370001D4001F02FF902214DF21E4001F02AF9F3
:1043800067214DF21F4001F025F902214DF2204036
:1043900001F020F984214DF2214001F01BF90221A6
:1043A0004DF2224001F016F9A4214DF2234001F014
:1043B00011F902214DF2244001F00CF9B7214DF220
:1043C000254001F007F902214DF2264001F002F9E3
:1043D000CF214DF2274001F0FDF802214DF2284097
:1043E00001F0F8F8DE214DF2294001F0F3F8022146
:1043F0004DF22A4001F0EEF8F2214DF22B4001F08F
:10440000E9F802214DF22C4001F0E4F8FE214DF2D2
:104410002D4001F0DFF803214DF22E4001F0DAF8D3
:1044200010214DF22F4001F0D5F803214DF230401C
:1044300001F0D0F833214DF2314001F0CBF80321E7
:104440004DF2324001F0C6F86D214DF2334001F0DB
:10445000C1F800214FF4554001F0BCF833214DF272
:10446000015001F0B7F800214DF2025001F0B2F80E
:1044700034214DF2035001F0ADF800214DF204500B
:1044800001F0A8F83A214DF2055001F0A3F80021FF
:104490004DF2065001F09EF84A214DF2075001F00E
:1044A00099F800214DF2085001F094F85C214DF28A
:1044B000095001F08FF800214DF20A5001F08AF8FE
:1044C00081214DF20B5001F085F800214DF20C5086
:1044D00001F080F8A6214DF20D5001F07BF800218B
:1044E0004DF20E5001F076F8E5214DF20F5001F03B
:1044F00071F801214DF2105001F06CF813214DF2CA
:10450000115001F067F801214DF2125001F062F8EC
:1045100054214DF2135001F05DF801214DF2145079
:1045200001F058F882214DF2155001F053F80121A5
:104530004DF2165001F04EF8CA214DF2175001F01D
:1045400049F802214DF2185001F044F800214DF2D3
:10455000195001F03FF802214DF21A5001F03AF8DB
:1045600001214DF21B5001F035F802214DF21C5093
:1045700001F030F834214DF21D5001F02BF80221EA
:104580004DF21E5001F026F867214DF21F5001F048
:1045900021F802214DF2205001F01CF884214DF247
:1045A000215001F017F802214DF2225001F012F8CB
:1045B000A4214DF2235001F00DF802214DF22450B8
:1045C00001F008F8B7214DF2255001F003F802215F
:1045D0004DF2265000F0FEFFCF214DF2275000F0A3
:1045E000F9FF02214DF2285000F0F4FFDE214DF2D8
:1045F000295000F0EFFF02214DF22A5000F0EAFFAF
:10460000F2214DF22B5000F0E5FF02214DF22C502B
:1046100000F0E0FFFE214DF22D5000F0DBFF032102
:104620004DF22E5000F0D6FF10214DF22F5000F029
:10463000D1FF03214DF2305000F0CCFF33214DF279
:10464000315000F0C7FF03214DF2325000F0C2FF9D
:104650006D214DF2335000F0BDFF00214FF4564064
:1046600000F0B8FF33214DF2016000F0B3FF0021EC
:104670004DF2026000F0AEFF34214DF2036000F015
:10468000A9FF00214DF2046000F0A4FF3A214DF291
:10469000056000F09FFF00214DF2066000F09AFFD8
:1046A0004A214DF2076000F095FF00214DF20860AD
:1046B00000F090FF5C214DF2096000F08BFF0021BB
:1046C0004DF20A6000F086FF81214DF20B6000F090
:1046D00081FF00214DF20C6000F07CFFA6214DF21D
:1046E0000D6000F077FF00214DF20E6000F072FFC8
:1046F000E5214DF20F6000F06DFF01214DF21060D9
:1047000000F068FF13214DF2116000F063FF0121FA
:104710004DF2126000F05EFF54214DF2136000F084
:1047200059FF01214DF2146000F054FF82214DF237
:10473000156000F04FFF01214DF2166000F04AFFB6
:10474000CA214DF2176000F045FF02214DF21860BA
:1047500000F040FF00214DF2196000F03BFF022104
:104760004DF21A6000F036FF01214DF21B6000F09F
:1047700031FF02214DF21C6000F02CFF34214DF27C
:104780001D6000F027FF02214DF21E6000F022FFA5
:1047900067214DF21F6000F01DFF02214DF22060E5
:1047A00000F018FF84214DF2216000F013FF022178
:1047B0004DF2226000F00EFFA4214DF2236000F0C4
:1047C00009FF02214DF2246000F004FFB7214DF2F1
:1047D000256000F0FFFE02214DF2266000F0FAFE97
:1047E000CF214DF2276000F0F5FE02214DF2286046
:1047F00000F0F0FEDE214DF2296000F0EBFE022118
:104800004DF22A6000F0E6FEF2214DF22B6000F03E
:10481000E1FE02214DF22C6000F0DCFEFE214DF2A3
:104820002D6000F0D7FE03214DF22E6000F0D2FE85
:1048300010214DF22F6000F0CDFE03214DF23060CB
:1048400000F0C8FE33214DF2316000F0C3FE0321B9
:104850004DF2326000F0BEFE6D214DF2336000F08B
:10486000B9FE5521184600F0B5FEAA21204600F0F9
:10487000B1FE5221284600F0ADFE0821304600F07E
:10488000A9FE0021384600F0A5FECC21484600F0E4
:10489000A1FE0021504600F09DFE0521404600F09B
:1048A00099FE7021584600F095FE70214BF2017080
:1048B00000F090FE01214FF4384000F08BFE032100
:1048C0004BF6010000F086FE03214BF6020000F0DB
:1048D00081FE03214BF6030000F07CFE02214FF421
:1048E0003C4000F077FE00214BF6014000F072FEE4
:1048F00000214BF6024000F06DFED0214FF44940FC
:1049000000F068FE02214CF6011000F063FE502119
:104910004CF6021000F05EFE50214CF6031000F041
:1049200059FE50214CF6041000F054FE00214FF4C3
:10493000545000F04FFE55214FF4685000F04AFEED
:104940004FF4885000F030FE7820FDF7EFFCBDE812
:10495000F05F4FF4245000F027BE10B5E22000F0C5
:1049600023FE1D2000F014FE022000F011FE0420A2
:1049700000F00EFE6420FDF7D9FCE02000F014FEEC
:10498000012000F005FE0A20FDF7B2FCE02000F057
:104990000BFE032000F0FCFD0C20FDF7A9FC01201C
:1049A00000F002FE0A20FDF7A3FCE62000F0FCFD6B
:1049B0002F2000F0EDFDFF2000F0EAFDFF2000F0C9
:1049C000E7FDB02000F0F0FD202000F0E1FD002028
:1049D00000F0DEFD032000F0DBFD40F21F3000F0B0
:1049E000D7FD012000F0D4FD40F2DF1000F0D0FD33
:1049F000002000F0CDFDB42000F0D6FD042000F032
:104A0000C7FD40F21F4000F0C3FD002000F0C0FDD4
:104A10002E2000F0BDFD002000F0BAFD002000F0C7
:104A2000B7FD002000F0B4FD002000F0B1FDB6207D
:104A300000F0BAFD022000F0ABFD4FF4037000F06F
:104A4000A7FD002000F0A4FD172000F0A1FD152017
:104A500000F09EFD002000F09BFD002000F098FD7E
:104A6000F02000F0A1FD032000F092FD292000F0CD
:104A70009BFDD02000F098FD002000F089FDBE20B5
:104A800000F092FD052000F083FDFE2000F080FD87
:104A9000012000F07DFD002000F07AFD002000F0F4
:104AA00077FD002000F074FDB82000F07DFD0320AC
:104AB00000F06EFD012000F06BFDBA2000F074FDE7
:104AC000BDE81040012000F063BD10B5112000F0DA
:104AD0006BFD7820FDF70CFC362000F065FD002012
:104AE00000F056FD3A2000F05FFD052000F050FD7B
:104AF000B22000F059FD0C2000F04AFD0C2000F01F
:104B000047FD002000F044FD332000F041FD33203C
:104B100000F03EFDB72000F047FD352000F038FDE5
:104B2000BB2000F041FD322000F032FDC02000F03B
:104B30003BFD0C2000F02CFDC22000F035FD0120D3
:104B400000F026FDC32000F02FFD102000F020FD16
:104B5000C42000F029FD202000F01AFDC62000F03E
:104B600023FD0F2000F014FDD02000F01DFDA42037
:104B700000F00EFDA12000F00BFDE02000F014FD80
:104B8000D02000F005FD002000F002FD022000F022
:104B9000FFFC072000F0FCFC0A2000F0F9FC2820B4
:104BA00000F0F6FC322000F0F3FC442000F0F0FCB2
:104BB000422000F0EDFC062000F0EAFC0E2000F0A0
:104BC000E7FC122000F0E4FC142000F0E1FC1720C8
:104BD00000F0DEFCE12000F0E7FCD02000F0D8FC83
:104BE000002000F0D5FC022000F0D2FC072000F0ED
:104BF000CFFC0A2000F0CCFC282000F0C9FC3120BA
:104C000000F0C6FC542000F0C3FC472000F0C0FCBC
:104C10000E2000F0BDFC1C2000F0BAFC172000F0B4
:104C2000B7FC1B2000F0B4FC1E2000F0B1FC2A20D1
:104C300000F0BAFC002000F0ABFC002000F0A8FC63
:104C4000002000F0A5FCEF2000F0A2FC2B2000F0DB
:104C5000ABFC002000F09CFC002000F099FC01203F
:104C600000F096FC3F2000F093FCBDE810402920A6
:104C700000F09ABC10B5112000F096FC7820FDF7EA
:104C800037FB362000F090FC482000F081FC3A20F1
:104C900000F08AFC552000F07BFCF02000F084FC42
:104CA000C32000F075FCF02000F07EFC962000F0A0
:104CB0006FFCB42000F078FC012000F069FCB62005
:104CC00000F072FC0A2000F063FCA22000F060FCFF
:104CD000B72000F069FCC62000F05AFCB92000F0B3
:104CE00063FC022000F054FCE02000F051FCC020E6
:104CF00000F05AFC802000F04BFC162000F048FC2D
:104D0000C12000F051FC192000F042FCC22000F04C
:104D10004BFCA72000F03CFCC52000F045FC162011
:104D200000F036FCE82000F03FFC402000F030FCB2
:104D30008A2000F02DFC002000F02AFC002000F06A
:104D400027FC292000F024FC192000F021FCA520DC
:104D500000F01EFC332000F01BFCE02000F024FCDF
:104D6000F02000F015FC072000F012FC0D2000F0F0
:104D70000FFC042000F00CFC052000F009FC1420BE
:104D800000F006FC362000F003FC542000F000FC8C
:104D90004C2000F0FDFB382000F0FAFB132000F05F
:104DA000F7FB142000F0F4FB2E2000F0F1FB342080
:104DB00000F0EEFBE12000F0F7FBF02000F0E8FB54
:104DC000102000F0E5FB142000F0E2FB0E2000F0C4
:104DD000DFFB0C2000F0DCFB082000F0D9FB3520C5
:104DE00000F0D6FB442000F0D3FB4C2000F0D0FBB9
:104DF000262000F0CDFB102000F0CAFB122000F0AE
:104E0000C7FB2C2000F0C4FB322000F0C1FBF020D7
:104E100000F0CAFB3C2000F0BBFBF02000F0C4FB1C
:104E2000692000F0B5FB7820FDF762FA212000F040
:104E3000BBFBBDE81040292000F0B6BB2DE9F04FC8
:104E4000BE4893B0816941F480718161816901F448
:104E500080711291816941F020018161816901F0C5
:104E600020011291816941F020018161816901F085
:104E700020011291816941F480718161816901F49D
:104E800080711291816941F00801816180694FF45C
:104E9000805500F0080012900220CDE9005001205A
:104EA00002900320A64E039069463046FBF78CFC27
:104EB000202000906946A348FBF786FC1024694631
:104EC000A0480094FBF780FC012000906946304622
:104ED000FBF77AFC01200090019069469A48FBF7A5
:104EE00073FC9A494FF02040984A086098484860FF
:104EF000062088600020C8604C618861C8614862F3
:104F00008D62C862A1021163114604AA48638863D6
:104F10000F21CDE90C010B90119001210490CDE9F6
:104F200005010A900BA98948FCF74EF83220FDF7DD
:104F3000DFF9D32000F038FB00F012F9834C48343D
:104F4000A08000F00DF9A08000F00AF94FF6FF767E
:104F500006EA0020A08000F003F9A18849F2413B55
:104F60000843A08047F2897545F2103747F29678DA
:104F700045F2105949F6060A58457DD0042000F044
:104F800013FB00F0EDF8A08000F0EAF8A08000F03C
:104F9000E7F806EA0020A08000F0E2F8A1880843C4
:104FA000A0F50541A080523967D0A84264D0D42032
:104FB00000F0FAFA00F0D4F8A08000F0D1F8A08058
:104FC00000F0CEF806EA0020A08000F0C9F8A18821
:104FD0000843A080B84277D0D32000F0E5FA00F073
:104FE000BFF8A08000F0BCF8A08000F0B9F806EA95
:104FF0000020A08000F0B4F8A1880843A0804045BC
:1050000062D055214FF4704000F0E4FAAA214FF22B
:10501000010000F0DFFA52214FF2020000F0DAFA4C
:1050200008214FF2030000F0D5FA01214FF20400ED
:1050300000F0D0FA4FF4454000F0B6FA00F090F8D6
:1050400006EA0020A0804CF2015000F0ADFA00F01A
:1050500087F8A1880843A0800520FDF749F9A188B9
:10506000494531D0D32000F09FFA00F079F8A080B4
:1050700000F076F8A08001E020E020E000F070F879
:1050800006EA0020A08000F06BF8A1880843A08009
:10509000504519D0A12000F087FA00F061F8A080F7
:1050A00000F05EF806EA0020A08000F059F8A18820
:1050B0000843A0F5AE41A080613902D004E0A5808C
:1050C00002E041F66310A080A18822A0FBF7A4F8BB
:1050D000A088A84202D1FFF7F8FC21E0584502D190
:1050E000FDF78CFA1CE0B84202D1FDF73FFD17E056
:1050F000404502D1FFF7BEFD12E0484502D1FEF760
:10510000AFFC0DE0504502D1FDF78FFB08E0A0F5A4
:10511000C851633904D1FFF720FC642000F012FA73
:105120000020FDF7EBF9012211460748FBF751FC7F
:105130003046FDF7CBF913B0BDE8F08F0010024008
:105140000020014000140140000C014044010020F7
:10515000040100A04C43442049443A25780D0A003C
:1051600008B50220401EFDD203480088ADF80000BB
:10517000BDF8000008BD00000008006C70B5674C69
:1051800000232146A279898841F66315012A01D0BE
:105190001AB11BE0A94202D118E0A94216D1082891
:1051A00014D2DFE800F00406080A0C0E10120620E4
:1051B0000CE007200AE0042008E0052006E00120BA
:1051C00004E0002002E0032000E00220082812D2C0
:1051D000DFE800F0110406080A0C0E1080230AE034
:1051E000402308E0C02306E0202304E0602302E01F
:1051F000A02300E0E023362045F21056B14200D152
:105200000002A1F51342413A07D0A1F5EE42893AD6
:1052100003D0A1F5EE42963A01D143F008031946B6
:1052200000F0D8F9A288AA420AD09806208861889E
:1052300002D5884202D303E0884201D921806080F0
:105240006089B24240D100F0AFF9002000F0A0F92F
:105250006089401C80B200F0A7F9002000F098F9A6
:105260006089801C80B200F09FF92088401EC0F346
:105270000F2000F08DF96089C01C80B200F094F915
:105280002078401EC0B200F083F9A08900F08CF9AC
:10529000002000F07DF9A089401C80B200F084F964
:1052A000002000F075F9A089801C80B200F07CF924
:1052B0006088401EC0F30F2000F06AF9A089C01C6E
:1052C00080B200F071F921E000F06EF9002000F0EA
:1052D0005FF9002000F05CF92088401EC0F30F2029
:1052E00000F056F92078401EC0B200F051F9A089B4
:1052F00000F05AF9002000F04BF9002000F048F9C6
:105300006088401EC0F30F2000F042F9A078BDE88D
:105310007040401EC0B200F03BB900008C0100207C
:10532000F0B53A4D0C460246060AA9882846270AD7
:105330004089A1F5C853633B16D0A1F5AA43103BA1
:105340004BD000F031F9304600F022F9D0B200F035
:105350001FF9A88900F028F9384600F019F9E0B2E1
:10536000BDE8F04000F014B9A97929B300F01CF9A8
:10537000304600F00DF9D0B200F00AF92888401E3E
:10538000C0F30F2000F004F92878401EC0B200F0EE
:10539000FFF8A88900F008F9384600F0F9F8E0B203
:1053A00000F0F6F86888401EC0F30F2000F0F0F817
:1053B000A878401EC0B2D3E72988891A491E8AB24C
:1053C00000F0F2F8002000F0E3F8002000F0E0F830
:1053D000100A00F0DDF8D0B2D9E700F0E5F8304669
:1053E00000F0D6F86889401C80B200F0DDF8D0B239
:1053F00000F0CEF8A88900F0D7F8384600F0C8F8D9
:10540000A889401C80B200F0CFF8A8E78C010020EA
:105410002DE9F84F824698460C468B46580700D037
:10542000012000EBD8004FEA58014843C0B2203AAF
:105430000090D0B24146B8F10C0F0AD010290CD020
:10544000182910D0B8F1200F41D1224901EB80106A
:1054500006E000EB4000204908E0204901EB001085
:105460008146002730E01E4900EBC00001EB8000C0
:10547000F6E719F807600025300601D50B9A03E01E
:105480000A9828B91748026821465046FDF7AAF83D
:105490007006060E1448641CA4B24088A04216D9B7
:1054A000A4EB0B01414509D10AF101001FFA80FA72
:1054B0000D485C460188514509D903E06D1CEDB2E9
:1054C000082DD9D37F1CFFB200988742D1D3BDE805
:1054D000F88F0000BC730008FC5B000870600008D7
:1054E000606600081C0000208C0100202DE9FC4FA4
:1054F000044600F0FF0910190D46DDE90B761FFA8E
:1055000080F858191FFA80FADDF834B012E04445EB
:1055100002D3E8194C4685B2554510D20021CDE999
:10552000001B3B4629462046FFF772FF04EB57005D
:1055300084B2761C3278A2F120005E28E7D9BDE85B
:10554000FC8F000010B50246BE2000F02DF80520AB
:1055500000F01EF8104600F034FA4FF066320B4BA4
:1055600000F042FA00F000FA80B200F011F80120D9
:1055700000F00EF8FF2000F00BF8002000F008F813
:10558000BDE81040002000F003B80000666604404B
:1055900001B5BDF80000ADF80000BDF800000149FC
:1055A000088008BD0008006C01B5BDF80000ADF82A
:1055B0000000BDF800000149088008BDFE07006C2E
:1055C0000248034900890880704700008C010020D0
:1055D000FE07006C024A1080901C0180704700009A
:1055E000FE07006C30B5184885B0816941F00801AC
:1055F0008161816901F008010491816941F04001F4
:1056000081618069202400F0400004900120CDE9F0
:105610000040029003200D4D039069462846FBF799
:10562000D3F800940A4C69462046FBF7CDF80122D6
:1056300020212846FBF7CDF9012220212046FBF747
:10564000C8F905B030BD000000100240000C014058
:105650000018014010B5FBF7C7F94FF4E01000F057
:1056600045F94820FCF734FE4FF4E13000F060F9D2
:10567000FFF7B8FFFCF7ECFEFFF7E0FB00F0C0F827
:10568000FCF77AFE002010BD30B504460748084DEF
:10569000002150F82400420005EB8400006900F06E
:1056A0006DF801202919087630BD00001C8D000816
:1056B000200000202DE9F0411F4E054600247019FE
:1056C0000F46007E10B93168284688474FF0FF32F8
:1056D0007FB31A4B53F82510B7FBF1F0B7FBF1FC81
:1056E00001FB1C7101B1401C1449083951F8251007
:1056F000491E1ED406EB8506376937F811C0BCF188
:10570000000F05D00024844211D1002284B207E0AA
:10571000641CF8E7376901EB020C521C27F81C40A7
:105720008242F7D353F825004843BDE8F081491E73
:10573000E3D51046F9E7000020000020248D000882
:1057400010B50C4B0C4C002253F82030114604EBE2
:10575000800005E0046934F8114004B1521C491C72
:105760008B42F7D84FF47A704243B2FBF3F080B229
:1057700010BD00001C8D00082000002001E000F892
:10578000011B521EFBD27047F0B4002922D0124AEE
:1057900002EB80039C68091B1418247E84B10F4A15
:1057A00052F820208A4215D90C4A083A52F82000B3
:1057B000B1FBF0F1186930F811400020024607E013
:1057C0001168F0BC08471D690E18401C25F816200A
:1057D000A042F8DBF0BC7047200000202C8D0008B0
:1057E00010B50446FFF766FF411C05D0034901EBE5
:1057F00084018968084410BD002010BD20000020ED
:105800003EB520211CA0CDE900100B464FF4784492
:105810000A21DC2202940846FFF768FE182118A02E
:10582000CDE900100B46DC2202942F210A20FFF75D
:105830005DFE102115A0CDE900100B46DC2202947C
:105840004C210A20FFF752FE14A0FAF7E5FC14A041
:10585000FAF7E2FC1BA0FAF7DFFC1CA0FAF7DCFC6D
:105860001EA0FAF7D9FC0EA0FAF7D6FCBDE83E4020
:1058700013A0FAF7D1BC000053544D33320000009E
:1058800041544B2D4D4332363430000041544F4D7E
:1058900040414C49454E54454B0000000A00000071
:1058A0002A2A2A2A2A2A2A2A2A2A2A2A2A2A2A2A58
:1058B0002A2A2A2A2A2A2A2A2A2A2A2A2A2A2A2A48
:1058C0000D0A000053544D33320D0A0041544B2D44
:1058D0004D43323634300D0A0000000041544F4D24
:1058E00040414C49454E54454B0D0A0030B58FB0F0
:1058F000012100910225090400240795CDE9011436
:10590000CDE908106846FBF7D3F900B1FEE70F2098
:10591000CDE90A054FF48060CDE90C4002210AA8C8
:105920000E94FBF7D3F8002800D0FEE70FB030BD8F
:105930000B4910B5094AC1E9002000208860C86001
:10594000086188610C2048610846FBF777FCBDE8D8
:105950001040012203490248FBF7E8BC003801402F
:1059600004010020060000204FEA1153A3F58063D4
:10597000D3F11E03A8BFD3F1200C08DB4FF0004287
:1059800042EAC12252EA505232FA03F07047094209
:105990000BD4102BC4BF0020704703F5787CBCF1FA
:1059A000FF3F05D04FF0FF3070474FF000007047C9
:1059B00070B500F0C3F800BF499224800020704702
:1059C000F0E7B0FA80F310FA03F10AD0C3F11D0337
:1059D00003F580634FEA41504FEA035202EBD121B5
:1059E00070474FF000007047DFF848C170B51CEAFF
:1059F000111E1EBF1CEA13159EEA0C0F95EA0C0F30
:105A000000F06F8081EA030423EA4C134EEAD47E4F
:105A100021EA4C1141F4801143F48013AE44A1FB00
:105A2000024CA0FB0365AEF17F7E361955EB0C05E9
:105A3000A1FB034C4CF10003A0FB021C16EB0C066F
:105A4000654153F10003094218BF46F0010613F403
:105A5000007F0BD14FEA03314FEA0530340341EAAE
:105A6000155140EA16506FF003020AE04FEAC321D5
:105A70004FEAC520F40241EA555140EA56506FF012
:105A8000020202EB2E4201EB025585EACE710AD0EA
:105A90005FEA440C18BF24F0004450F1000041F1CB
:105AA000000120EAD47040F2FE7C624500D270BD55
:105AB000A84214BF4FF080444FF04044002E08BF6E
:105AC0000024BEF1806FA8BFA1F1C041BDE87040C5
:105AD00080F282804FF0000001F1C04101F00041EE
:105AE00070479EEA0C0F0CEA131518BF95EA0C0FCD
:105AF00006D04FF0000081EA030E0EF0004170BDA9
:105B000000F01CF88900013E00F007B800F009B869
:105B10004FEA430C5FEA5C5C08D081EA030100F0C5
:105B20005BB84FEA410C5FEA5C5CF6D14FF00000D5
:105B3000014970470000FF070000F87F0EF1020ED8
:105B40002EF0030E5EF8046B364205D4012A43EBB7
:105B5000030515F5001F12D8012841EB010C1CF5B7
:105B6000001F0CD80ED14FEAD17C15F5001F0CEBAD
:105B70004C0C0CF1020C08BF4CEBD37C04E04FF052
:105B8000080C01E04FEAD37C0CEB4C0526FA05F635
:105B900006F00706B6F1040C06D20EEB860CBDE843
:105BA00070404CF0010C6047DFE80CF0090B02027A
:105BB0004FF000414FF00000A1F5002170BD1946E3
:105BC0001046012851EB010418BFD4F5001484BF1E
:105BD000002001F0004170BD0808A0F500114FEA57
:105BE00031017047000000000000000001020304C2
:105BF000060708090000000001020304000000007D
:105C00000000000000000000000000003F40000015
:105C100000000000000030004000300040000000A4
:105C200009000BC03D000BC03D00090018C0244016
:105C30007FE0224031800000180024C01B000D804E
:105C40003240018003801C4027401C8007400040F8
:105C500010006000000000000000000000000000D4
:105C600000001F80204040200000402020401F8076
:105C700000000000090006001F8006000900000067
:105C8000040004003F8004000400000000100060D5
:105C900000000000000000000400040004000400F4
:105CA00004000000000000400000000000000000B0
:105CB000002001C006003800400000001F80204086
:105CC000204020401F800000000010403FC00040E6
:105CD0000000000018C0214022402440184000006D
:105CE00010802040244024401B80000002000D0052
:105CF00011003FC0014000003C802440244024406B
:105D0000238000001F802440244034400380000092
:105D10003000200027C03800200000001B802440F5
:105D2000244024401B8000001C0022C0224022404E
:105D30001F8000000000000008400000000000007C
:105D400000000000046000000000000000000400EB
:105D50000A001100208040400900090009000900E4
:105D60000900000000004040208011000A000400EB
:105D70001800200023402400180000001F8020404D
:105D8000274029401F400000004007C039000F0095
:105D900001C0004020403FC0244024401B80000040
:105DA0001F802040204020403080000020403FC025
:105DB000204020401F80000020403FC024402E4053
:105DC00030C0000020403FC024402E0030000000C2
:105DD0000F001080204022403380020020403FC04E
:105DE000040004003FC02040204020403FC020402D
:105DF000204000000060202020203FC02000200024
:105E000020403FC024400B0030C0204020403FC015
:105E100020400040004000C03FC03C0003C03C00A8
:105E20003FC0000020403FC00C4023003FC0200086
:105E30001F802040204020401F80000020403FC0A5
:105E400024402400180000001F802140214020E051
:105E50001FA0000020403FC02440260019C0004081
:105E600018C02440244022403180000030002040EF
:105E70003FC020403000000020003F800040004034
:105E80003F80200020003E0001C0070038002000B5
:105E9000380007C03C0007C038000000204039C06F
:105EA000060039C0204000002000384007C03840BC
:105EB00020000000304021C02640384020C00000B3
:105EC000000000007FE04020402000000000700043
:105ED0000C000380004000000000402040207FE0D4
:105EE0000000000000002000400020000000000032
:105EF0000010001000100010001000100000000042
:105F00004000000000000000000002800540054045
:105F100003C0004020003FC0044004400380000054
:105F2000000003800440044006400000000003809D
:105F3000044024403FC0004000000380054005406D
:105F400003400000000004401FC024402440200003
:105F5000000002E0055005500650042020403FC0DC
:105F60000440040003C000400000044027C000407B
:105F70000000000000100010041027E000000000E6
:105F800020403FC00140070004C0044020402040A2
:105F90003FC000400040000007C0040007C00400EC
:105FA00003C00000044007C00440040003C00040D8
:105FB000000003800440044003800000041007F048
:105FC000045004400380000000000380044004509B
:105FD00007F00010044007C0024004000400000065
:105FE000000006400540054004C000000000040019
:105FF0001F8004400040000004000780004004406F
:1060000007C000400400070004C00180060004002F
:10601000060001C0070001C006000000044006C0E1
:10602000010006C0044000000410071004E00180D5
:10603000060004000000044005C0064004400000C3
:106040000000000004007BE0402000000000000091
:106050000000FFF000000000000040207BE0040092
:1060600000000000400080004000200020004000B0
:106070000000000000000000000000000000000020
:106080000000000000001FCC000C00000000000019
:1060900000000800300060000800300060000000D0
:1060A000022003FC1E20022003FC1E200220000010
:1060B00000000E1811043FFF10840C78000000004F
:1060C0000F0010840F3800C0077818840078000093
:1060D00000780F8410C411240E9800E40084000896
:1060E00008006800700000000000000000000000D0
:1060F00000000000000007E0181820044002000023
:10610000000040022004181807E000000000000012
:106110000240024001800FF0018002400240000076
:106120000080008000800FF8008000800080000068
:106130000001000D000E0000000000000000000043
:1061400000000080008000800080008000800080CF
:106150000000000C000C0000000000000000000027
:1061600000000006001800600180060018002000F2
:10617000000007F0080810041004080807F00000E9
:106180000000080408041FFC0004000400000000D4
:1061900000000E0C10141024104411840E0C00008A
:1061A00000000C1810041104110412880C70000077
:1061B000000000E00320042408241FFC0024000049
:1061C00000001F9810841104110410881070000042
:1061D000000007F0088811041104188800700000FE
:1061E00000001C00100010FC13001C001000000038
:1061F00000000E3811441084108411440E38000041
:1062000000000700088C10441044088807F00000C4
:10621000000000000000030C030C00000000000060
:106220000000000000010106000000000000000066
:106230000000008001400220041008081004000043
:106240000220022002200220022002200220000060
:106250000000100408080410022001400080000023
:1062600000000E001200100C106C10800F000000D7
:1062700003E00C1813E4142417C4082807D0000006
:106280000004003C03C41C40074000E4001C000460
:1062900010041FFC1104110411040E88007000008A
:1062A00003E00C1810041004100410081C10000067
:1062B00010041FFC100410041004080807F000006C
:1062C00010041FFC1104110417C410040818000066
:1062D00010041FFC1104110017C01000080000007A
:1062E00003E00C181004100410441C780040000057
:1062F00010041FFC10840080008010841FFC100418
:106300000000100410041FFC100410040000000022
:1063100000030001100110011FFE1000100000001A
:1063200010041FFC110403801464181C10040000E6
:1063300010041FFC1004000400040004000C000002
:1063400010041FFC1F0000FC1F001FFC10040000B5
:1063500010041FFC0C04030000E010181FFC1000C8
:1063600007F00808100410041004080807F00000E3
:1063700010041FFC10841080108010800F0000009B
:1063800007F0081810241024101C080A07F2000057
:1063900010041FFC1104110011C011300E0C000478
:1063A00000000E1C11041084108410441C380000DE
:1063B0001800100010041FFC10041000180000004A
:1063C00010001FF810040004000410041FF810004F
:1063D00010001E0011E0001C007013801C00100053
:1063E0001FC0103C00E01F0000E0103C1FC0000078
:1063F0001004180C163401C001C01634180C100417
:1064000010001C00130400FC13041C00100000000A
:106410000804101C1064108413041C0410180000DD
:106420000000000000007FFE400240024002000029
:10643000000030000C0003800060001C000300001E
:1064400000004002400240027FFE00000000000009
:10645000000000002000400040004000200000003C
:106460000001000100010001000100010001000124
:10647000000040004000200000000000000000007C
:1064800000000098012401440144014400FC000480
:1064900010001FFC00880104010400880070000047
:1064A000000000700088010401040104008800005D
:1064B0000000007000880104010411081FFC0004A2
:1064C000000000F8014401440144014400C80000F8
:1064D0000000010401040FFC110411041100180054
:1064E000000000D601290129012901C90106000087
:1064F00010041FFC008401000100010400FC0004E2
:1065000000000104190419FC00040004000000004C
:106510000000000300010101190119FE0000000044
:1065200010041FFC0024004001B4010C0104000011
:106530000000100410041FFC000400040000000010
:10654000010401FC0104010001FC0104010000FC44
:10655000010401FC008401000100010400FC0004AE
:10656000000000F8010401040104010400F8000027
:10657000010101FF00850104010400880070000092
:1065800000000070008801040104010501FF000102
:106590000104010401FC00840104010001800000E9
:1065A000000000CC012401240124012401980000F2
:1065B00000000100010007F80104010400000000D0
:1065C000010001F8000400040004010801FC0004BB
:1065D000010001800170000C0010016001800100C9
:1065E00001F0010C003001C00030010C01F001008D
:1065F00000000104018C00740170018C0104000092
:10660000010101810171000E00180160018001008B
:1066100000000184010C013401440184010C0000DC
:10662000000000000000000001003EFC40024002AB
:106630000000000000000000FFFF0000000000005C
:106640000000400240023EFC01000000000000008B
:10665000000060008000800040004000200020001A
:10666000000000000000000000000000000000002A
:10667000000000000000000000000000000000001A
:10668000000000000000000000000000000000000A
:106690000000000F80380FFE380F80380000000027
:1066A00000000000000000000000000000000100E9
:1066B000000600000C000038000031000006000059
:1066C0000C00003800003000000000000000000056
:1066D00061800067F807F9800061800061800061D7
:1066E000800061800067F807F98000618000000089
:1066F00000000000000001C0E003E0F006300804E4
:1067000018081FFFFE040E080787F00381E0000051
:106710000000000001F000060C00040408060C70E4
:1067200001F9C0000E00003BE000EC180708080467
:106730000C180003E00000000001E00007F003F87F
:1067400018041C0804170807E1D003C0E00023B0B8
:10675000003C0800200800001000000000000001BC
:1067600000003100003200001C00000000000000AA
:106770000000000000000000000000000000000019
:106780000000000000000000000000000000000009
:106790007F0001FFC00780F00C00181000042000EB
:1067A000020000000000002000021000040C00188D
:1067B0000780F001FFC0007F000000000000000023
:1067C0000000000000000000000000004200006621
:1067D00000006600003C0000180003FFC000180025
:1067E000003C00006600006600004200000000005F
:1067F000080000080000080000080000080001FF71
:10680000C0000800000800000800000800000800A0
:1068100000000000000100003100003200001C00F8
:106820000000000000000000000000000000000068
:106830000000000000000000080000080000080040
:106840000008000008000008000008000008000020
:106850000800000800000000000000000000000028
:106860003800003800003800000000000000000080
:106870000000000000000000000000000000000018
:10688000000600001C000070000180000E000038AF
:106890000000C0000700001C0000300000000000E5
:1068A000000000007F8001FFE003807006001804F4
:1068B000000804000806001803807001FFE0007F54
:1068C0008000000000000000000001000801000836
:1068D00001000803FFF807FFF800000800000800A7
:1068E000000800000000000000000001C03802C0E5
:1068F00058040098040118040218040418061C180F
:1069000003F81801E0F8000000000000000000019A
:10691000C0E003C0F00400080408080408080618D2
:106920000803F41801E7F00001E000000000000097
:10693000000000000300000D0000110000610000D5
:10694000810803010807FFF80FFFF80001080001A4
:10695000080000000000000000E007FCD006080866
:10696000061008061008061008061838060FF0066C
:1069700007C0000000000000000000003F8001FF91
:10698000E0038430020818041008041008041008FA
:10699000071810030FF00007C000000000000000FF
:1069A000000003C0000700000600000600F806070C
:1069B000F806180006E000070000060000000000CE
:1069C00000000001E1E003F7F006341004180804A9
:1069D0001808040C08040C0806161803F3F001C18B
:1069E000E000000000000000F80003FC300306385F
:1069F0000402080402080402080404100308F00159
:106A0000FFC0007F00000000000000000000000048
:106A1000000000000000000070380070380070387E
:106A20000000000000000000000000000000000066
:106A3000000000000000000000000000301A0030DC
:106A40001C0000000000000000000000000000002A
:106A500000000000000000080000140000220000F8
:106A60004100008080010040020020040010080066
:106A700008000000000000002100002100002100AB
:106A80000021000021000021000021000021000061
:106A900021000021000000000000000000000800AC
:106AA0000804001002002001004000808000410026
:106AB0000022000014000008000000000000000395
:106AC000C00004C000040000080038080F3808089F
:106AD000380810000C300007E00003C00000000080
:106AE000000000003F8000FFE0038070020F1006EE
:106AF000708804C088048308047F8802C090030162
:106B00002000FE400000080000180001F8003E08C8
:106B100001C20007020007E20000FE00001FC800DB
:106B200001F800003800000804000807FFF807FF1C
:106B3000F8040808040808040808040808061808E7
:106B400003F41801E7F00001E0000000000000007D
:106B50003F8001FFE0038070020018040008040079
:106B6000080400080400100600200780C000000090
:106B700004000807FFF807FFF804000804000804F1
:106B8000000804001802001003807001FFE0007F7D
:106B90008000000004000807FFF807FFF804080859
:106BA000040808040808040808043E08040008064D
:106BB000001801006000000004000807FFF807FF4C
:106BC000F8040808040800040800040800043E0053
:106BD0000600000600000180000000000000000028
:106BE0003F8001FFE00380700600180400080402E3
:106BF000080402080203F00783F00002000002000C
:106C000004000807FFF807FFF80408080008000060
:106C1000080000080000080004080807FFF807FF44
:106C2000F804000800000000000004000804000848
:106C300004000807FFF807FFF80400080400080430
:106C40000008000000000000000000000006000036
:106C50000700000104000104000104000307FFFE17
:106C600007FFFC0400000400000400000400080703
:106C7000FFF807FFF8040C08001800003E0004C7E6
:106C8000800503C80600F804003804001800000856
:106C900004000807FFF807FFF804000800000800D8
:106CA00000080000080000080000080000180000AC
:106CB0006000000004000807FFF807800807FC00D8
:106CC000007FC00003F80007C000780007800807B5
:106CD000FFF807FFF804000804000807FFF80700A2
:106CE0000803C00000E000003800001E000007009C
:106CF0000001C00400F007FFF804000000000000DD
:106D00007F8001FFE0038070060018040008040083
:106D10000806001803003001FFE0007F800000003B
:106D200004000807FFF807FFF8040408040400043F
:106D30000400040400040400060C0003F80001F041
:106D400000000000000000007F8001FFE003807071
:106D50000600880400880400C806003C03003E01C9
:106D6000FFE6007F8400000004000807FFF807FF2B
:106D7000F8040808040800040C00040F00040BC009
:106D80000610F003F03801E00800000800000001E0
:106D9000E0F803F030063010041808041808040C5A
:106DA00008040C080206180207F00781E000000042
:106DB0000180000600000400000400000400080731
:106DC000FFF807FFF80400080400000400000600B4
:106DD0000001800004000007FFE007FFF004001836
:106DE0000000080000080000080000080000080477
:106DF000001007FFE004000004000006000007E0A8
:106E00000007FE00041FE00001F80000380001E068
:106E1000043E0007C0000600000400000400000754
:106E2000E00007FFC0041FF80007C007F80007FFD5
:106E300080043FF80007C004F800070000040000C9
:106E400000000004000806001807C07805F1C8001B
:106E50003E00001F800463E80780F8060018040065
:106E60000800000004000006000007800007E0089A
:106E7000047C08001FF80007F800180804E0080761
:106E800000000600000400000000000100080600E9
:106E9000380400F80403E8040F08047C0805F0082F
:106EA00007C0080700180400600000000000000090
:106EB00000000000000000000000003FFFFE200076
:106EC0000220000220000220000220000200000038
:106ED00000000000000008000007000000C00000E3
:106EE00038000006000001C000003000000E000065
:106EF000010000000000000000002000022000024D
:106F00002000022000022000023FFFFE00000000DF
:106F10000000000000000000000000000000000071
:106F200000080000100000300000200000300000C9
:106F30001000000800000000000000000000010038
:106F4000000100000100000100000100000100003C
:106F5000010000010000010000010000010000012B
:106F600000000000000000000020000020000010D1
:106F70000000100000000000000000000000000001
:106F8000000000000000000000F00019F8001B18CD
:106F9000002208002608002408002410003FF80002
:106FA0001FF800000800001800000004000007FFA0
:106FB000F80FFFF000181800100800200800200843
:106FC000003018001FF0000FC0000000000000009B
:106FD00007C0001FF0001830002008002008002023
:106FE00008003C08001C10000060000000000000C9
:106FF0000000000007C0001FF00038180020080043
:10700000200800200804101007FFF80FFFF0000010
:10701000100000000000000000000007C0001FF08A
:107020000012300022180022080022080032080056
:107030001E10000E200000000000000020000020B4
:107040000800200801FFF803FFF8062008042008C4
:1070500004200807200003000000000000000000DA
:10706000000E000E6E001FF30031B10020B10020B1
:10707000B1003191001F13002E1E00200E003000C1
:1070800000000004000807FFF80FFFF800100800D8
:107090002000002000002008003FF8001FF800003A
:1070A0000800000000000000000000200800200888
:1070B000002008063FF8063FF8000008000008001E
:1070C00000080000000000000000000000000000B8
:1070D00003000003002001002001002003063FFE02
:1070E000063FFC000000000000000000000000045B
:1070F000000807FFF80FFFF8000188000300002FC9
:10710000C00038F800203800200800000800000007
:107110000000000000000400080400080400080744
:10712000FFF80FFFF800000800000800000800004A
:1071300000000000002008003FF8003FF8001008A1
:10714000002000003FF8003FF80010080020000079
:107150003FF8003FF8000008000000002008003F52
:10716000F8003FF800100800100000200000200880
:10717000003FF8001FF800000800000000000000B9
:1071800007C0000FF0001830003008002008002071
:1071900008003008001830000FF00007C0000000A1
:1071A000000000002001003FFF003FFF0010110021
:1071B0002009002008002008003038001FF0000FD0
:1071C000C00000000000000007C0001FF0003818D9
:1071D000002008002008002009001011001FFF00F7
:1071E0003FFF0000010000000020080020080020F0
:1071F00008003FF8003FF8000808001008002008C9
:1072000000200000300000300000000000000000FE
:107210000000000C78001E1800330800230800212D
:10722000080021880021980030F00038600000003C
:1072300000000000200000200000200000FFF003FC
:10724000FFF800200800200800200800003000009F
:1072500000000000000000002000003FF0007FF868
:10726000000018000008000008002010003FF8008F
:107270007FF000001000000000000000200000303F
:1072800000003C00003F800023F000007800007008
:10729000002380003C00003000002000002000009F
:1072A0003C00003FE00023F80000E0002700003E23
:1072B00000003FE00021F80001E0003E0000200057
:1072C000000000002008002008003838003E680058
:1072D00027800003C8002CF8003838002018002050
:1072E00008000000000000002000003003003C0106
:1072F000003F830023EC000070002380003C00006E
:107300002000002000000000000000000000003805
:10731000080020380020F80023E8002F88003E08ED
:107320000038080020180000700000000000000075
:107330000000000000000000000000000800001431
:10734000001FF7FC300006200002000000000000D3
:10735000000000000000000000000000000000002D
:107360000000FFFFFF000000000000000000000020
:1073700000000000000000000000200002300006B5
:107380001FF7FC00140000080000000000000000CF
:107390000000000000000000000000180000600075
:1073A0000040000040000020000010000008000025
:1073B0000400000400000C000010000000000000A9
:1073C00000000000000000000000000000000000BD
:1073D00000000000000000000000000000000000AD
:1073E000000000000000000000000000000000009D
:1073F000000000000000000000000000000000008D
:10740000000000000000000000000000000000007C
:107410000000000007F000C007FFE1E007F001E016
:10742000000000C00000000000000000000000009C
:10743000000000000000000000000000000000004C
:10744000000000000020000001C0000007800000D4
:107450001F0000001E0000001C20000001C00000F2
:10746000078000001F0000001E0000001C0000003C
:10747000000000000000000000000000000000000C
:1074800000180C0000180C0000180FE0001FFC0092
:1074900003F80C0000180C0000180C0000180C0079
:1074A00000180C0000180FE0001FFC0003F80C008F
:1074B00000180C0000180C00000000000000000084
:1074C0000000000000000780007807C000FC0640B4
:1074D000010E002003070020020380200FFFFFFCA5
:1074E0000201C0200200E0600130704001F03F80E6
:1074F00000F01F00000000000000000000FE00007F
:1075000001FF00000301800002008060030181C0D0
:1075100001FF070000FE18000000E0000003BF00AC
:10752000000CFFC00071806001C100200301806079
:107530000000FFC000003F000000000000001F002E
:1075400000007FC000FCC0C001FF80600303E0209A
:107550000202782002061E2003FC074001F003808F
:10756000000103C000011C600001E02000010020B8
:107570000001004000000180000000000000000049
:10758000002000001C6000001C4000001F80000064
:107590000F000000000000000000000000000000DC
:1075A00000000000000000000000000000000000DB
:1075B00000000000000000000000000000000000CB
:1075C00000000000000000000000000000000000BB
:1075D00000000000000000000007F800003FFF006E
:1075E000007807C001C000E003000030040000087C
:1075F000080000041000000200000000000000006D
:10760000100000020800000404000008030000301D
:1076100001C000E0007807C0003FFF000007F8004D
:10762000000000000000000000000000000000005A
:10763000000000000000000000000000000000004A
:1076400000000000000C1800000E3800000E38008A
:1076500000063000000360000061438000FFFF80EF
:10766000006143000003600000063000000E380097
:10767000000E3800000C18000000000000000000A0
:10768000000000000000800000008000000080007A
:10769000000080000000800000008000007FFF00EC
:1076A00000008000000080000000800000008000DA
:1076B00000008000000080000000000000000000CA
:1076C00000000001000000E3000000E2000000FCF8
:1076D0000000007800000000000000000000000032
:1076E000000000000000000000000000000000009A
:1076F000000000000000000000000000000000008A
:107700000000800000008000000080000000800079
:107710000000800000008000000080000000800069
:107720000000800000008000000080000000800059
:107730000000800000008000000000000000000049
:1077400000000000000000C0000001E0000001E0B7
:10775000000000C000000000000000000000000069
:107760000000000000000000000000000000000019
:107770000000000000000000000000000000000009
:107780000000000C00000038000000E00000038052
:1077900000000E00000038000000E0000003800040
:1077A000000E00000038000000E000000380000030
:1077B0000E000000180000000000000000000000A3
:1077C00000000000000FF800007FFF0000F00780BD
:1077D000018000C0030000600200002002000020C1
:1077E0000200002003000060018000C000E0038070
:1077F000007FFF00000FF800000000000000000004
:107800000000000000000000008000200080002038
:10781000008000200080006001FFFFE003FFFFE028
:107820000000006000000020000000200000002098
:107830000000000000000000000000000000000048
:1078400000000000007800E0009801600100026084
:107850000200046002000860020010600200206064
:1078600002004060030080600183006001FE00E0D0
:10787000007C078000000000000000000000000005
:107880000000000000F0078001F007C00100004088
:10789000020000200201002002010020020100205D
:1078A000030380200186804001FCC0C000787F80F7
:1078B00000001E00000000000000000000000000AA
:1078C00000000800000038000000480000018800A7
:1078D00000060800000C08100030081000400810D6
:1078E00001FFFFF003FFFFF003FFFFF000000810AF
:1078F0000000081000000810000000000000000058
:107900000000000000000780001F864003E1002007
:1079100003020020030400200304002003040020CD
:107920000304002003060040030301C00301FF809D
:1079300003007E00000000000000000000000000C6
:10794000000000000007FC00003FFF000070C38043
:10795000008180C0010100600302002002020020BB
:1079600002020020020200200203004001C180C088
:1079700000C0FF8000007E0000000000000000004A
:107980000000000000F0000003C0000003800000C1
:1079900003000000030007E003003FE00301C00014
:1079A00003060000031800000360000003800000CD
:1079B00003000000000000000000000000000000C4
:1079C00000001F0000783F8000FC60C0018EC040B6
:1079D0000307802002030020020180200201802092
:1079E0000201C0200301E040018670C000FC3F801E
:1079F00000781F00000000000000000000000000F0
:107A0000003F000000FF81C001C0C1C00100602034
:107A1000020020200200202002002020020020601E
:107A2000020040C00100C18000C18F00007FFE0045
:107A3000001FF00000000000000000000000000037
:107A40000000000000000000000000000000000036
:107A500000000000000300C0000781E0000781E093
:107A6000000300C000000000000000000000000053
:107A70000000000000000000000000000000000006
:107A800000000000000000000000000000000000F6
:107A900000000000000600660006007800000000FC
:107AA00000000000000000000000000000000000D6
:107AB00000000000000000000000000000000000C6
:107AC00000000000000080000001C0000003600012
:107AD00000063000000C180000180C0000300600F2
:107AE0000060030000C0018001000040020000208F
:107AF0000400001000000000000000000000000072
:107B00000004100000041000000410000004100025
:107B10000004100000041000000410000004100015
:107B20000004100000041000000410000004100005
:107B3000000410000004100000000000000000001D
:107B400000000000040000100200002001000040BE
:107B500000C00180006003000030060000180C0027
:107B6000000C180000063000000360000001C00097
:107B70000000800000000000000000000000000085
:107B8000000000000078000001F80000023800004A
:107B900002000000040000C0040079E0040081E05D
:107BA000040100C0040300000202000003060000FC
:107BB00001FC000000F800000000000000000000D0
:107BC000000FF800003FFE000070078000C000C0FA
:107BD0000101F8400307FC20021E042002300820A7
:107BE00002203020023FFC20013F044001800CC0F5
:107BF00000E03180001FC2000000000000000020F3
:107C000000000060000003E000003E200003E020D0
:107C1000003E200003E020000380200007FC20003D
:107C2000003FE0000003FE2000003FE0000001E014
:107C30000000002000000020000000000000000004
:107C4000020000200200002003FFFFE003FFFFE02E
:107C50000201002002010020020100200201002098
:107C600002010020030300200186806001FCC0C0E7
:107C700000F87F8000001F000000000000000000EE
:107C80000007F800003FFF000070078000C000C040
:107C9000010000400300002002000020020000203C
:107CA000020000200200002001000040018000C00E
:107CB00003C001800030060000000000000000004A
:107CC000020000200200002003FFFFE003FFFFE0AE
:107CD000020000200200002002000020020000201C
:107CE0000300006001000040018000C000F0078038
:107CF000007FFE00000FF800000000000000000000
:107D0000020000200200002003FFFFE003FFFFE06D
:107D100002010020020100200201002002010020D7
:107D20000201002002038020020FE0200300006017
:107D300003C000E00060030000000000000000003D
:107D4000020000200200002003FFFFE003FFFFE02D
:107D500002010020020100200201000002010000D7
:107D6000020100000201000002038000030FE00096
:107D70000300000003C000000060000000000000DD
:107D80000007F800003FFE000070078001C001C03E
:107D9000010000400300002002000020020000203B
:107DA00002000020010020200100204003C03F808D
:107DB00000303F8000002000000020000200002072
:107DC0000200002003FFFFE003FFFFE0020080202D
:107DD0000200802000008000000080000000800081
:107DE000020080200200802003FFFFE003FFFFE08D
:107DF000020000200200002000000000000000003F
:107E0000000000000000000002000020020000202E
:107E1000020000200200002003FFFFE003FFFFE05C
:107E200002000020020000200200002002000020CA
:107E30000000000000000000000000000000000042
:107E40000000000E0000000F0000000F0000000105
:107E5000020000010200000102000003020000060F
:107E600003FFFFFC03FFFFF8020000000200000018
:107E700002000000020000000000000000000000FE
:107E8000020000200200002003FFFFE003FFFFE0EC
:107E90000200C0200201002000078000000FE00067
:107EA0000030F80002603E2003800F20030003E052
:107EB000020000E00200002000000020000000009E
:107EC000020000200200002003FFFFE003FFFFE0AC
:107ED000020000200200002000000020000000201E
:107EE00000000020000000200000002000000060D2
:107EF000000000E00000030000000000020000207D
:107F00000200002003FFFFE003E0002003FF002049
:107F1000001FF0000001FF8000000FE000001E00C5
:107F20000003E000003E002003E0002003FFFFE02C
:107F300003FFFFE0020000200200002002000020FA
:107F40000200002003FFFFE00380002003F0002078
:107F500000FC0000001F00000007C0000001F0004E
:107F600000007C0002001F80020007E003FFFFE02A
:107F700002000000020000000000000000000000FD
:107F8000000FF800003FFE0000F00780018000C0F5
:107F9000010000400200002002000020020000203A
:107FA0000200002001000040018000C000F00380BA
:107FB000003FFE00000FF80000000000000000007D
:107FC000020000200200002003FFFFE003FFFFE0AB
:107FD0000200802002008020020080000200800059
:107FE0000200800002008000030180000183000085
:107FF00000FE0000007C0000000000000000000007
:10800000000FF800007FFF0000F00380018001C036
:1080100001000640020004200200042002000620A5
:10802000020003E0010000F80180005C00E0038C26
:10803000003FFF0C000FFC180000000000000000D3
:10804000020000200200002003FFFFE003FFFFE02A
:108050000201002002010020020180000201E00074
:108060000201FC0003033F80018607E001FC00E001
:1080700000F80020000000200000000000000000C8
:10808000000000000078060000FE01E0018600C04C
:10809000030300400203002002018020020180202F
:1080A0000201C0200200C0200100E060018070C019
:1080B00003E03F8000001F000000000000000000FF
:1080C00000600000038000000300000002000000C8
:1080D000020000200200002003FFFFE003FFFFE09A
:1080E0000200002002000020020000000200000048
:1080F0000380000000E0000000000000020000001B
:108100000200000003FFFF0003FFFFC00200004069
:10811000020000600000002000000020000000209D
:1081200000000020020000400200008003FFFF006A
:10813000020000000200000000000000000000003B
:10814000020000000200000003C0000003FC000069
:10815000023FC0000003F80000007F80000007E03D
:1081600000000780000078000203C000023C00000D
:1081700003C0000002000000020000000200000036
:1081800003C0000003FF8000023FFE0002007FE00A
:1081900000000F000200F00003EF000003FF80006A
:1081A000020FFE0000003FE000001F000207E00099
:1081B00003F80000030000000200000000000000BF
:1081C0000200002002000020038000E003F00320F2
:1081D00002FC0C20021F30000007C0000007F00066
:1081E00002187C0002601F20038003E0020000E010
:1081F000020000200000002000000000000000003D
:10820000020000000300000003C0000003F80000AB
:10821000023E0020020FC0200001FFE000007FE0CE
:1082200000038020021C0020027000000380000078
:10823000020000000200000000000000000000003A
:1082400000000020006000E0038003E003000FA0B6
:1082500002003E200200F8200203E020020F8020EE
:10826000023E00200278002003E00060038000E06E
:1082700002000300000000000000000000000000F9
:1082800000000000000000000000000000000000EE
:10829000000000001FFFFFFC10000004100000049D
:1082A000100000041000000410000004100000047E
:1082B00010000004000000000000000000000000AA
:1082C00000000000000000000700000003C00000E4
:1082D00000780000001E00000003C0000000F00055
:1082E00000001E0000000780000000F00000003CBD
:1082F0000000000600000000000000000000000078
:108300000000000010000004100000041000000431
:10831000100000041000000410000004100000040D
:108320001FFFFFFC00000000000000000000000034
:10833000000000000000000000000000000000003D
:10834000000000000000000000000000020000002B
:1083500004000000080000001800000010000000E9
:1083600018000000180000000400000002000000D7
:1083700000000000000000000000000000000001FC
:1083800000000001000000010000000100000001E9
:1083900000000001000000010000000100000001D9
:1083A00000000001000000010000000100000001C9
:1083B00000000001000000010000000100000000BA
:1083C000000000000000000010000000100000008D
:1083D0001000000018000000080000000400000069
:1083E000000000000000000000000000000000008D
:1083F000000000000000000000000000000000007D
:108400000000038000018FC000038C60000618206C
:10841000000410200004102000042020000420404C
:10842000000620400003FFC00001FFE00000002024
:1084300000000020000000C000000000000000005C
:10844000020000000200000003FFFFE007FFFFC082
:10845000000180C000020060000200200004002033
:10846000000400200004002000060040000300C0BB
:108470000001FF800000FE0000000000000000007E
:108480000000000000007E000001FF80000381C0AA
:10849000000200400006002000040020000400202C
:1084A00000040020000600200003C0400001C0803E
:1084B00000000300000000000000000000000000B9
:1084C0000000000000007E000001FF80000380C06B
:1084D00000060060000400200004002000040020CA
:1084E000020400400202008003FFFFE007FFFFC01C
:1084F00000000040000000400000000000000000FC
:108500000000000000007E000001FF80000311C099
:10851000000210400004106000041020000410202D
:108520000004102000061020000310400001F0C0DD
:1085300000007100000000000000000000000000CA
:1085400000000000000400000004002000040020DF
:1085500000040020007FFFE001FFFFE00104002095
:108560000304002002040020020400200204000092
:108570000200000001C0000001C000000000000077
:10858000000000000000001C0000E33E0003FFC2EA
:1085900000020CC3000404C1000404C1000404C1AF
:1085A000000404C100060CC10003F8C30005F0621A
:1085B0000006007E0006003C0000000000000000F5
:1085C000020000200200002003FFFFE007FFFFE0A1
:1085D000000100200002002000060000000400004E
:1085E0000004000000040020000600200003FFE05B
:1085F0000001FFE00000002000000020000000005B
:108600000000000000000000000400200004002022
:1086100000040020000400200387FFE0038FFFE038
:108620000380002000000020000000200000002047
:10863000000000000000000000000000000000003A
:10864000000000000000000000000006000000071D
:10865000000000010000000100040001000400010E
:1086600000040003000400060387FFFC038FFFF8EB
:108670000380000000000000000000000000000077
:10868000020000200200002003FFFFE007FFFFE0E0
:108690000000082000001020000030000000FC0056
:1086A00000058E00000707A0000601E0000400E0BE
:1086B0000004002000000020000000000000000076
:1086C0000000000000000000020000200200002066
:1086D000020000200200002003FFFFE007FFFFE090
:1086E000000000200000002000000020000000200A
:1086F000000000000000000000000000000000007A
:10870000000400200007FFE0000FFFE0000200204F
:1087100000040000000400200007FFE00003FFE069
:108720000002002000040000000400200007FFE019
:108730000003FFE000000020000000000000000037
:1087400000040020000400200007FFE0000FFFE00D
:1087500000010020000200200002000000040000D0
:108760000004000000040020000600200003FFE0D9
:108770000001FFE0000000200000002000000000D9
:108780000000000000007E000000FF80000381C0A8
:108790000002004000060020000400200004002029
:1087A000000400200006002000020040000381C0F9
:1087B0000001FF8000007E000000000000000000BB
:1087C00000040001000400010007FFFF000FFFFF8D
:1087D000000100C10002004100040020000400204C
:1087E000000400200004002000060040000301C037
:1087F0000001FF8000007E0000000000000000007B
:108800000000000000007E000001FF80000380C027
:10881000000200600004002000040020000400208A
:108820000004002000020041000300C10003FFFF1C
:108830000007FFFF00000001000000010000000031
:108840000004002000040020000400200004002098
:10885000000FFFE0000FFFE00000C020000100203B
:1088600000020020000600200004000000040000B8
:1088700000070000000300000000000000000000EE
:1088800000000000000003E00001C0E00003E04041
:1088900000063020000430200004182000041820B6
:1088A0000004182000040C2000020C60000307C024
:1088B00000078380000000000000000000000000AE
:1088C000000000000004000000040000000400009C
:1088D000000C0000001FFF8000FFFFC000040060CC
:1088E00000040020000400200004002000040040D8
:1088F00000000180000000000000000000000000F7
:1089000000040000000400000007FF80000FFFC00B
:108910000000006000000020000000200000002097
:108920000000002000040040000400800007FFE079
:10893000000FFFC0000000400000004000000000E9
:108940000004000000040000000780000007F000A1
:108950000004FE0000041FC0000003E000000380CC
:1089600000001C00000460000007800000060000FA
:1089700000040000000000000000000000040000EF
:10898000000600000007C0000007FC0000043F8054
:10899000000003E000040F800006F0000007F00074
:1089A0000007FF8000040FE00000038000043C008B
:1089B0000007C000000600000004000000000000E6
:1089C000000000200004002000040060000700E018
:1089D000000783200007E6000004F80000003C00C8
:1089E00000045E20000587A0000601E0000400608E
:1089F0000004002000000020000000000000000033
:108A00000004000000040003000700030007E00169
:108A10000004F80100041F02000007FC000000E051
:108A200000000700000438000007C0000006000036
:108A3000000400000004000000000000000000002E
:108A40000000000000078060000600E0000403E072
:108A5000000407A000040E2000043C200004702045
:108A60000005E0200007802000070060000400E00F
:108A70000000038000000000000000000000000073
:108A800000000000000000000000000000000000E6
:108A900000000000000000000000800000008000D6
:108AA0000001400007FE3FF808000004100000022B
:108AB00010000002000000000000000000000000A4
:108AC00000000000000000000000000000000000A6
:108AD000000000000000000000000000FFFFFFFF9A
:108AE0000000000000000000000000000000000086
:108AF0000000000000000000000000000000000076
:108B00000000000010000002100000020800000435
:108B100007FE3FF8000140000000800000008000D8
:108B20000000000000000000000000000000000045
:108B30000000000000000000000000000000000035
:108B4000180000003000000040000000400000005D
:108B5000400000002000000030000000080000007D
:108B600004000000020000000200000002000000FB
:108B70000C0000001800000000000000FF002CFFA7
:108B80002EDFFF013C321100090204A813E514484E
:108B90002C0C33783A333BFB3E00431116103992CC
:108BA00035DA221A37C3230034C0361A068807C0C4
:108BB0000D870E414C0048005B0042034A81219919
:108BC0002440253826825C00630046000C3C61701E
:108BD00062807C05208028306C006D806E00700201
:108BE000719473C13D345A57120017111875190149
:108BF0001A973236030F37404FCA50A85A236D00D8
:108C00006D38FF00E57FF9C04124E01476FF33A002
:108C1000422043184C0087D5883FD703D910D38210
:108C2000C808C9807C007D007C037D487D487C08A5
:108C30007D207D107D0E9000910E911A9131915AF8
:108C400091699175917E9188918F919691A391AF41
:108C500091C491D791E891209200930693E39305F4
:108C60009305930093049300930093009300930063
:108C7000930093009600970897199702970C9724F2
:108C80009730972897269702979897809700970094
:108C9000C3EFA400A800C511C651BF80C710B666B7
:108CA000B8A5B764B97CB3AFB497B5FFB0C5B194FC
:108CB000B20FC45CC0C8C1968C00863D5000519074
:108CC000522C5300540055885A905B2C5C05D302FB
:108CD000C3ED7F00DA09E51FE167E000DD7F0500F5
:108CE000FF00DA10D703DF0033803C40E17700005B
:108CF000FF01E014E177E51FD703DA10E000FF0081
:108D0000DA09D703DF0233A03C00E167FF01E0008E
:108D1000E100E500D700DA00E000000000050000F7
:108D200001000000200000002000000000A0000062
:108D30002000000030313233343536373839414283
:108D400043444546403058003031323334353637AD
:108D50003839616263646566403078007C8D000854
:108D6000000000203C0000006C010008B88D0008E5
:108D70003C00002024B20000880100080024F40018
:108D800000000000000000000000000001000000E2
:108D90001000000000000000FFFF000089560008DE
:108DA00041570008000200200000006800A20020D7
:088DB000200000680000000033
:0400000508000131BD
:00000001FF
